1561680877435091968,-0.00271,0.00264,-0.00124,0.99999,-0.00327,0.00162,0.00259,0.00000,0.00000,0.00000,
1561680877499373568,-0.00306,0.00378,-0.00171,0.99995,-0.00946,0.00054,0.00290,0.00000,0.00000,0.00000,
1561680877568471296,-0.00408,0.00421,-0.00038,0.99997,-0.00535,-0.00312,0.00498,0.00000,0.00000,0.00000,
1561680877636983296,-0.00467,0.00507,-0.00008,0.99996,-0.00510,-0.00087,0.00663,0.00000,0.00000,0.00000,
1561680877705407488,-0.00596,0.00626,-0.00110,0.99989,-0.00911,-0.00280,0.01132,0.00000,0.00000,0.00000,
1561680877780887552,-0.00841,0.00690,-0.00078,0.99985,-0.00784,-0.00308,0.01513,0.00000,0.00000,0.00000,
1561680877832331264,-0.00996,0.00724,-0.00087,0.99987,-0.00800,-0.00657,0.01204,0.00000,0.00000,0.00000,
1561680877901958912,-0.00917,0.00748,-0.00090,0.99989,0.00144,-0.01353,0.00553,0.00000,0.00000,0.00000,
1561680877968102400,-0.00897,0.00645,0.00099,0.99994,0.00047,-0.00696,0.00828,0.00000,0.00000,0.00000,
1561680878037684480,-0.00858,0.00598,0.00174,0.99991,0.00009,0.00014,0.01348,0.00000,0.00000,0.00000,
1561680878104511744,-0.00815,0.00626,0.00091,0.99990,-0.00123,-0.00016,0.01413,0.00000,0.00000,0.00000,
1561680878168258304,-0.00787,0.00556,0.00116,0.99987,-0.00191,0.00058,0.01622,0.00000,0.00000,0.00000,
1561680878234926336,-0.00803,0.00530,0.00115,0.99986,-0.00350,0.00188,0.01635,0.00000,0.00000,0.00000,
1561680878318293760,-0.00892,0.00455,0.00169,0.99977,-0.00551,0.00484,0.02013,0.00000,0.00000,0.00000,
1561680878367388672,-0.00941,0.00448,0.00195,0.99969,-0.00530,0.00514,0.02360,0.00000,0.00000,0.00000,
1561680878436010240,-0.00962,0.00512,0.00261,0.99969,-0.00245,0.00674,0.02366,0.00000,0.00000,0.00000,
1561680878506519296,-0.00980,0.00530,0.00359,0.99968,-0.00254,0.01087,0.02289,0.00000,0.00000,0.00000,
1561680878573887488,-0.01041,0.00516,0.00474,0.99962,-0.00190,0.01197,0.02458,0.00000,0.00000,0.00000,
1561680878639818496,-0.01135,0.00451,0.00622,0.99944,-0.00664,0.01699,0.02812,0.00000,0.00000,0.00000,
1561680878700165632,-0.01218,0.00288,0.00793,0.99928,-0.00596,0.01906,0.03221,0.00000,0.00000,0.00000,
1561680878767139328,-0.01232,0.00135,0.00983,0.99918,-0.00411,0.01939,0.03518,0.00000,0.00000,0.00000,
1561680878835198464,-0.01136,-0.00021,0.01081,0.99918,-0.00185,0.01869,0.03593,0.00000,0.00000,0.00000,
1561680878902576640,-0.01011,-0.00173,0.01126,0.99913,-0.00460,0.01918,0.03667,0.00000,0.00000,0.00000,
1561680878974226688,-0.00815,-0.00224,0.01352,0.99914,-0.00269,0.02301,0.03426,0.00000,0.00000,0.00000,
1561680879042041856,-0.00584,-0.00308,0.01694,0.99913,-0.00502,0.02338,0.03427,0.00000,0.00000,0.00000,
1561680879108933376,-0.00185,-0.00338,0.02207,0.99914,-0.00594,0.02445,0.03287,0.00000,0.00000,0.00000,
1561680879171803904,0.00269,-0.00350,0.02866,0.99918,-0.00773,0.02421,0.03163,0.00000,0.00000,0.00000,
1561680879238915584,0.00900,-0.00387,0.03546,0.99917,-0.01034,0.02255,0.03242,0.00000,0.00000,0.00000,
1561680879305988352,0.01632,-0.00398,0.04297,0.99916,-0.01230,0.02307,0.03161,0.00000,0.00000,0.00000,
1561680879373660416,0.02524,-0.00342,0.05127,0.99923,-0.01128,0.02330,0.02964,0.00000,0.00000,0.00000,
1561680879440607488,0.03612,-0.00301,0.05993,0.99926,-0.01050,0.02420,0.02784,0.00000,0.00000,0.00000,
1561680879507588352,0.04993,-0.00185,0.06833,0.99924,-0.01173,0.02656,0.02618,0.00000,0.00000,0.00000,
1561680879574778368,0.06753,-0.00118,0.07153,0.99915,-0.01433,0.02675,0.02794,0.00000,0.00000,0.00000,
1561680879641501952,0.08673,-0.00052,0.07771,0.99893,-0.01905,0.02963,0.02984,0.00000,0.00000,0.00000,
1561680879707257856,0.10884,-0.00069,0.08399,0.99873,-0.02370,0.03184,0.03117,0.00000,0.00000,0.00000,
1561680879775732224,0.13413,0.00075,0.09386,0.99859,-0.02571,0.03477,0.03074,0.00000,0.00000,0.00000,
1561680879842266880,0.16218,0.00210,0.10502,0.99856,-0.02542,0.03621,0.03022,0.00000,0.00000,0.00000,
1561680879914517760,0.19022,0.00321,0.11815,0.99857,-0.02486,0.03686,0.02966,0.00000,0.00000,0.00000,
1561680879974555392,0.21756,0.00270,0.13434,0.99849,-0.02560,0.03911,0.02901,0.00000,0.00000,0.00000,
1561680880051214848,0.23726,0.00062,0.15190,0.99843,-0.02602,0.03793,0.03190,0.00000,0.00000,0.00000,
1561680880107033600,0.26054,0.00496,0.17120,0.99836,-0.02393,0.03974,0.03369,0.00000,0.00000,0.00000,
1561680880175480576,0.27225,0.00471,0.20993,0.99831,-0.01927,0.04411,0.03262,0.00000,0.00000,0.00000,
1561680880247616000,0.28250,0.01141,0.25105,0.99839,-0.01697,0.04451,0.03068,0.00000,0.00000,0.00000,
1561680880307053312,0.29194,0.01520,0.29557,0.99862,-0.01476,0.03852,0.03241,0.00000,0.00000,0.00000,
1561680880374272000,0.30148,0.01474,0.33976,0.99895,-0.01402,0.02895,0.03261,0.00000,0.00000,0.00000,
1561680880440770816,0.30382,0.01941,0.38112,0.99922,-0.01800,0.02035,0.02861,0.00000,0.00000,0.00000,
1561680880513043456,0.30880,0.01956,0.40622,0.99932,-0.02086,0.00762,0.02942,0.00000,0.00000,0.00000,
1561680880580113920,0.28931,0.03917,0.44556,0.99953,-0.02051,0.00215,0.02274,0.00000,0.00000,0.00000,
1561680880657532672,0.31082,0.03907,0.46705,0.99947,-0.02195,-0.00486,0.02339,0.00000,0.00000,0.00000,
1561680880708593152,0.32730,0.04670,0.46941,0.99951,-0.01786,-0.01555,0.02061,0.00000,0.00000,0.00000,
1561680880775442944,0.33517,0.05004,0.49880,0.99946,-0.01438,-0.02183,0.02005,0.00000,0.00000,0.00000,
1561680880841743104,0.34676,0.05177,0.50693,0.99898,-0.01428,-0.03627,0.02265,0.00000,0.00000,0.00000,
1561680880908472320,0.33929,0.06584,0.52937,0.99873,-0.01642,-0.04348,0.01969,0.00000,0.00000,0.00000,
1561680880978810112,0.33207,0.07168,0.55675,0.99881,-0.01666,-0.04268,0.01683,0.00000,0.00000,0.00000,
1561680881041412352,0.33009,0.07390,0.56803,0.99863,-0.01956,-0.04554,0.01691,0.00000,0.00000,0.00000,
1561680881107898368,0.33041,0.07644,0.57433,0.99842,-0.02171,-0.04840,0.01870,0.00000,0.00000,0.00000,
1561680881175341056,0.32685,0.08146,0.58864,0.99853,-0.02418,-0.04524,0.01766,0.00000,0.00000,0.00000,
1561680881241029888,0.33288,0.08082,0.58576,0.99856,-0.02001,-0.04716,0.01571,0.00000,0.00000,0.00000,
1561680881309084416,0.33438,0.07837,0.58265,0.99833,-0.01569,-0.05358,0.01500,0.00000,0.00000,0.00000,
1561680881376012544,0.32789,0.08453,0.58939,0.99846,-0.01433,-0.05259,0.01025,0.00000,0.00000,0.00000,
1561680881450431232,0.32398,0.08335,0.58668,0.99861,-0.01213,-0.05053,0.00827,0.00000,0.00000,0.00000,
1561680881517090560,0.31700,0.08317,0.58177,0.99880,-0.01075,-0.04766,0.00450,0.00000,0.00000,0.00000,
1561680881575293952,0.31542,0.08138,0.57146,0.99896,-0.01119,-0.04414,0.00068,0.00000,0.00000,0.00000,
1561680881642453760,0.31138,0.07815,0.56727,0.99908,-0.01205,-0.04107,-0.00166,0.00000,0.00000,0.00000,
1561680881724083200,0.30922,0.08073,0.56188,0.99918,-0.01081,-0.03874,-0.00422,0.00000,0.00000,0.00000,
1561680881775043584,0.30373,0.08314,0.56077,0.99934,-0.01044,-0.03441,-0.00579,0.00000,0.00000,0.00000,
1561680881853666304,0.30114,0.08402,0.55692,0.99940,-0.01302,-0.03181,-0.00336,0.00000,0.00000,0.00000,
1561680881918103808,0.29963,0.08285,0.55075,0.99944,-0.01647,-0.02923,-0.00102,0.00000,0.00000,0.00000,
1561680881975450368,0.29438,0.08263,0.55257,0.99948,-0.02013,-0.02510,0.00020,0.00000,0.00000,0.00000,
1561680882060235008,0.29497,0.08181,0.54549,0.99946,-0.02246,-0.02395,0.00150,0.00000,0.00000,0.00000,
1561680882108685312,0.29546,0.07961,0.53800,0.99948,-0.02309,-0.02257,0.00162,0.00000,0.00000,0.00000,
1561680882190626816,0.29825,0.07469,0.52521,0.99952,-0.02142,-0.02220,0.00299,0.00000,0.00000,0.00000,
1561680882260869120,0.29909,0.07419,0.51271,0.99963,-0.01876,-0.01928,0.00357,0.00000,0.00000,0.00000,
1561680882315252992,0.29971,0.07360,0.49801,0.99967,-0.01897,-0.01643,0.00469,0.00000,0.00000,0.00000,
1561680882375465728,0.29858,0.07179,0.48626,0.99968,-0.01962,-0.01462,0.00619,0.00000,0.00000,0.00000,
1561680882450322688,0.30104,0.07222,0.47297,0.99969,-0.02043,-0.01306,0.00593,0.00000,0.00000,0.00000,
1561680882522643456,0.30134,0.07198,0.45777,0.99973,-0.01968,-0.01141,0.00478,0.00000,0.00000,0.00000,
1561680882584820992,0.29980,0.07004,0.44677,0.99978,-0.01899,-0.00762,0.00342,0.00000,0.00000,0.00000,
1561680882642438144,0.29745,0.06679,0.42972,0.99979,-0.01815,-0.00886,0.00434,0.00000,0.00000,0.00000,
1561680882709874176,0.29385,0.06580,0.41445,0.99976,-0.01842,-0.01119,0.00472,0.00000,0.00000,0.00000,
1561680882775906048,0.29072,0.06307,0.39566,0.99980,-0.01580,-0.01138,0.00411,0.00000,0.00000,0.00000,
1561680882861184512,0.28826,0.06079,0.37407,0.99982,-0.01418,-0.01204,0.00298,0.00000,0.00000,0.00000,
1561680882911695872,0.28499,0.05801,0.35281,0.99975,-0.01541,-0.01528,0.00503,0.00000,0.00000,0.00000,
1561680882985625856,0.27764,0.05761,0.33053,0.99963,-0.01528,-0.02007,0.01028,0.00000,0.00000,0.00000,
1561680883055463424,0.26864,0.05431,0.31160,0.99957,-0.01504,-0.02138,0.01365,0.00000,0.00000,0.00000,
1561680883110719744,0.25786,0.05509,0.29048,0.99962,-0.01579,-0.01877,0.01235,0.00000,0.00000,0.00000,
1561680883177260032,0.24295,0.05368,0.27191,0.99969,-0.01542,-0.01465,0.01268,0.00000,0.00000,0.00000,
1561680883244771072,0.22403,0.05261,0.25761,0.99962,-0.01462,-0.01509,0.01765,0.00000,0.00000,0.00000,
1561680883312778496,0.20256,0.05169,0.24448,0.99943,-0.01504,-0.01998,0.02280,0.00000,0.00000,0.00000,
1561680883377874688,0.18040,0.05042,0.23120,0.99921,-0.01493,-0.02507,0.02701,0.00000,0.00000,0.00000,
1561680883446777856,0.15652,0.05046,0.22381,0.99926,-0.01301,-0.02472,0.02638,0.00000,0.00000,0.00000,
1561680883516679424,0.13454,0.04960,0.21704,0.99924,-0.01438,-0.02471,0.02638,0.00000,0.00000,0.00000,
1561680883591553280,0.11199,0.04731,0.21185,0.99910,-0.01885,-0.02355,0.02987,0.00000,0.00000,0.00000,
1561680883643229440,0.09140,0.04899,0.20593,0.99925,-0.01880,-0.01831,0.02835,0.00000,0.00000,0.00000,
1561680883729123840,0.07119,0.04931,0.19302,0.99920,-0.01943,-0.01815,0.02981,0.00000,0.00000,0.00000,
1561680883780486912,0.05149,0.04794,0.17961,0.99919,-0.01869,-0.01556,0.03222,0.00000,0.00000,0.00000,
1561680883844241920,0.04095,0.04696,0.16067,0.99918,-0.01962,-0.01086,0.03369,0.00000,0.00000,0.00000,
1561680883922844928,0.02893,0.04500,0.14565,0.99923,-0.02014,-0.00295,0.03344,0.00000,0.00000,0.00000,
1561680883977143040,0.01824,0.04149,0.13416,0.99924,-0.02015,0.00530,0.03294,0.00000,0.00000,0.00000,
1561680884061576960,0.00616,0.03847,0.12353,0.99923,-0.01941,0.01388,0.03106,0.00000,0.00000,0.00000,
1561680884111252736,-0.00217,0.03881,0.10662,0.99929,-0.01546,0.01777,0.02944,0.00000,0.00000,0.00000,
1561680884176858880,-0.00859,0.03473,0.09323,0.99930,-0.01475,0.02132,0.02700,0.00000,0.00000,0.00000,
1561680884244777472,-0.01299,0.03085,0.08451,0.99921,-0.01558,0.02484,0.02694,0.00000,0.00000,0.00000,
1561680884310925568,-0.02009,0.02945,0.07547,0.99908,-0.01612,0.03160,0.02421,0.00000,0.00000,0.00000,
1561680884383282688,-0.02101,0.02539,0.06492,0.99895,-0.01668,0.03630,0.02236,0.00000,0.00000,0.00000,
1561680884457352960,-0.02250,0.02232,0.05665,0.99883,-0.01722,0.04040,0.02048,0.00000,0.00000,0.00000,
1561680884511795456,-0.02330,0.01926,0.05250,0.99878,-0.01542,0.04331,0.01814,0.00000,0.00000,0.00000,
1561680884578449408,-0.02437,0.01697,0.04890,0.99885,-0.01300,0.04360,0.01498,0.00000,0.00000,0.00000,
1561680884664920576,-0.02513,0.01538,0.04653,0.99883,-0.01374,0.04469,0.01240,0.00000,0.00000,0.00000,
1561680884711032832,-0.02490,0.01367,0.04433,0.99874,-0.01482,0.04664,0.01143,0.00000,0.00000,0.00000,
1561680884777637120,-0.02396,0.01299,0.04292,0.99862,-0.01553,0.04919,0.01021,0.00000,0.00000,0.00000,
1561680884863075072,-0.02149,0.01240,0.04259,0.99852,-0.01654,0.05091,0.00960,0.00000,0.00000,0.00000,
1561680884917615872,-0.01786,0.01271,0.04433,0.99844,-0.01602,0.05281,0.00877,0.00000,0.00000,0.00000,
1561680884992151296,-0.01273,0.01339,0.04517,0.99838,-0.01532,0.05411,0.00893,0.00000,0.00000,0.00000,
1561680885052595456,-0.00729,0.01344,0.04672,0.99828,-0.01498,0.05582,0.00948,0.00000,0.00000,0.00000,
1561680885111016448,-0.00086,0.01343,0.04801,0.99823,-0.01477,0.05670,0.01033,0.00000,0.00000,0.00000,
1561680885177614336,0.00641,0.01284,0.04909,0.99815,-0.01538,0.05780,0.01128,0.00000,0.00000,0.00000,
1561680885245292800,0.01435,0.01190,0.05114,0.99799,-0.01826,0.05938,0.01265,0.00000,0.00000,0.00000,
1561680885311622912,0.02300,0.01093,0.05416,0.99785,-0.01888,0.06146,0.01266,0.00000,0.00000,0.00000,
1561680885379178240,0.03268,0.01160,0.05658,0.99792,-0.01986,0.05964,0.01452,0.00000,0.00000,0.00000,
1561680885446006272,0.04485,0.01204,0.06118,0.99798,-0.01945,0.05814,0.01658,0.00000,0.00000,0.00000,
1561680885481622016,0.05704,0.01230,0.06588,0.99792,-0.01884,0.05911,0.01738,0.00000,0.00000,0.00000,
1561680885546371584,0.07306,0.01278,0.06806,0.99785,-0.01959,0.06011,0.01722,0.00000,0.00000,0.00000,
1561680885617987072,0.08497,0.01164,0.07514,0.99787,-0.02056,0.05945,0.01716,0.00000,0.00000,0.00000,
1561680885692688896,0.10391,0.01217,0.08239,0.99799,-0.02348,0.05622,0.01729,0.00000,0.00000,0.00000,
1561680885746855168,0.12496,0.01255,0.08987,0.99811,-0.02573,0.05382,0.01493,0.00000,0.00000,0.00000,
1561680885815483136,0.14836,0.01288,0.09885,0.99778,-0.03715,0.05432,0.01035,0.00000,0.00000,0.00000,
1561680885898916864,0.17444,0.01208,0.10944,0.99770,-0.03719,0.05613,0.00741,0.00000,0.00000,0.00000,
1561680885948878336,0.19883,0.01240,0.11844,0.99750,-0.04137,0.05688,0.00616,0.00000,0.00000,0.00000,
1561680886030832640,0.22083,0.01327,0.13200,0.99753,-0.03911,0.05806,0.00499,0.00000,0.00000,0.00000,
1561680886090633728,0.24323,0.00385,0.13441,0.99778,-0.04338,0.05018,0.00639,0.00000,0.00000,0.00000,
1561680886165806848,0.24826,0.01087,0.16215,0.99815,-0.04182,0.04359,0.00758,0.00000,0.00000,0.00000,
1561680886219482880,0.26059,0.00610,0.18107,0.99853,-0.04011,0.03469,0.01129,0.00000,0.00000,0.00000,
1561680886286403584,0.26371,0.01840,0.21344,0.99888,-0.03397,0.03183,0.00827,0.00000,0.00000,0.00000,
1561680886354459648,0.27285,0.01666,0.25232,0.99911,-0.02828,0.03089,0.00578,0.00000,0.00000,0.00000,
1561680886419203328,0.28439,0.01739,0.28686,0.99933,-0.02291,0.02831,0.00280,0.00000,0.00000,0.00000,
1561680886486214656,0.29838,0.02291,0.30560,0.99950,-0.02146,0.02293,0.00285,0.00000,0.00000,0.00000,
1561680886553839872,0.30575,0.02808,0.33342,0.99958,-0.02098,0.01966,0.00463,0.00000,0.00000,0.00000,
1561680886635330304,0.31763,0.02829,0.36196,0.99963,-0.01582,0.02037,0.00855,0.00000,0.00000,0.00000,
1561680886689119744,0.32020,0.03523,0.39604,0.99951,-0.01803,0.02392,0.00953,0.00000,0.00000,0.00000,
1561680886756691968,0.32327,0.04186,0.42199,0.99944,-0.01772,0.02705,0.00873,0.00000,0.00000,0.00000,
1561680886823672320,0.33506,0.03984,0.43922,0.99938,-0.01968,0.02802,0.00866,0.00000,0.00000,0.00000,
1561680886902890240,0.34032,0.04275,0.46094,0.99944,-0.02087,0.02434,0.00926,0.00000,0.00000,0.00000,
1561680886957046016,0.34513,0.04421,0.47542,0.99949,-0.02374,0.01725,0.01249,0.00000,0.00000,0.00000,
1561680887037165056,0.35125,0.04555,0.49186,0.99954,-0.02471,0.01216,0.01298,0.00000,0.00000,0.00000,
1561680887103148032,0.35338,0.04906,0.51132,0.99976,-0.01896,0.00773,0.00790,0.00000,0.00000,0.00000,
1561680887177634304,0.35512,0.04954,0.52567,0.99978,-0.01919,0.00106,0.00855,0.00000,0.00000,0.00000,
1561680887227327232,0.35961,0.05344,0.53644,0.99979,-0.01738,-0.00296,0.01040,0.00000,0.00000,0.00000,
1561680887293140992,0.36635,0.05198,0.54609,0.99979,-0.01310,-0.00886,0.01341,0.00000,0.00000,0.00000,
1561680887360850944,0.37020,0.05985,0.56312,0.99974,-0.01244,-0.01261,0.01463,0.00000,0.00000,0.00000,
1561680887436995584,0.37440,0.06228,0.57755,0.99975,-0.01046,-0.01386,0.01393,0.00000,0.00000,0.00000,
1561680887495453952,0.37721,0.06809,0.58601,0.99979,-0.00673,-0.01505,0.01201,0.00000,0.00000,0.00000,
1561680887575965184,0.37946,0.07014,0.59174,0.99974,-0.00600,-0.01817,0.01247,0.00000,0.00000,0.00000,
1561680887640725504,0.37917,0.07337,0.59974,0.99970,-0.01129,-0.01821,0.01161,0.00000,0.00000,0.00000,
1561680887696048384,0.37859,0.07622,0.60253,0.99968,-0.01349,-0.01838,0.01084,0.00000,0.00000,0.00000,
1561680887765021952,0.37867,0.07692,0.60168,0.99965,-0.01638,-0.01730,0.01128,0.00000,0.00000,0.00000,
1561680887841244928,0.37823,0.07749,0.59911,0.99964,-0.01810,-0.01619,0.01134,0.00000,0.00000,0.00000,
1561680887911397120,0.37771,0.07694,0.59615,0.99970,-0.01772,-0.01316,0.01071,0.00000,0.00000,0.00000,
1561680887982780416,0.37687,0.07609,0.59296,0.99975,-0.01556,-0.01088,0.01190,0.00000,0.00000,0.00000,
1561680888042619648,0.37549,0.07546,0.59055,0.99977,-0.01481,-0.00890,0.01301,0.00000,0.00000,0.00000,
1561680888109443328,0.37397,0.07482,0.58796,0.99977,-0.01509,-0.00744,0.01324,0.00000,0.00000,0.00000,
1561680888177837312,0.37185,0.07406,0.58471,0.99973,-0.01717,-0.00804,0.01350,0.00000,0.00000,0.00000,
1561680888233337088,0.36963,0.07372,0.58068,0.99968,-0.02024,-0.00690,0.01329,0.00000,0.00000,0.00000,
1561680888301531904,0.36461,0.07300,0.57805,0.99959,-0.02358,-0.00530,0.01505,0.00000,0.00000,0.00000,
1561680888381561088,0.36071,0.07316,0.57027,0.99938,-0.03112,-0.00178,0.01637,0.00000,0.00000,0.00000,
1561680888435532800,0.35563,0.07246,0.56198,0.99921,-0.03406,-0.00149,0.02047,0.00000,0.00000,0.00000,
1561680888502149376,0.34930,0.07304,0.55676,0.99912,-0.03564,0.00350,0.02206,0.00000,0.00000,0.00000,
1561680888571010816,0.34629,0.07371,0.54494,0.99908,-0.03631,0.00659,0.02205,0.00000,0.00000,0.00000,
1561680888649529344,0.34201,0.07200,0.53423,0.99908,-0.03359,0.01095,0.02435,0.00000,0.00000,0.00000,
1561680888704807680,0.33805,0.07288,0.52020,0.99911,-0.03001,0.01634,0.02476,0.00000,0.00000,0.00000,
1561680888780643584,0.33706,0.07013,0.50429,0.99904,-0.03099,0.01809,0.02517,0.00000,0.00000,0.00000,
1561680888838430976,0.33503,0.06881,0.48658,0.99908,-0.02701,0.01883,0.02741,0.00000,0.00000,0.00000,
1561680888911283968,0.33390,0.06815,0.46460,0.99912,-0.02530,0.01799,0.02835,0.00000,0.00000,0.00000,
1561680888976161536,0.33282,0.06584,0.43722,0.99903,-0.02817,0.01820,0.02870,0.00000,0.00000,0.00000,
1561680889039848704,0.33138,0.06641,0.40333,0.99898,-0.03012,0.01507,0.03008,0.00000,0.00000,0.00000,
1561680889107767552,0.33364,0.06265,0.36782,0.99880,-0.03352,0.01268,0.03333,0.00000,0.00000,0.00000,
1561680889188073216,0.33345,0.05875,0.33455,0.99882,-0.03362,0.01257,0.03269,0.00000,0.00000,0.00000,
1561680889240584960,0.33449,0.05387,0.29856,0.99901,-0.03110,0.01022,0.03027,0.00000,0.00000,0.00000,
1561680889308115456,0.33287,0.04816,0.26172,0.99918,-0.02523,0.00490,0.03130,0.00000,0.00000,0.00000,
1561680889392172544,0.32572,0.04299,0.23231,0.99920,-0.01932,0.00384,0.03474,0.00000,0.00000,0.00000,
1561680889460105984,0.31808,0.04109,0.20608,0.99936,-0.01416,0.00803,0.03190,0.00000,0.00000,0.00000,
1561680889510403328,0.30683,0.04023,0.18175,0.99948,-0.01086,0.00771,0.02924,0.00000,0.00000,0.00000,
1561680889577473280,0.29515,0.03640,0.16311,0.99943,-0.00663,0.00298,0.03296,0.00000,0.00000,0.00000,
1561680889645911808,0.27801,0.03820,0.14878,0.99946,-0.00712,0.00470,0.03158,0.00000,0.00000,0.00000,
1561680889712097280,0.25990,0.03811,0.13351,0.99945,-0.00257,-0.00423,0.03267,0.00000,0.00000,0.00000,
1561680889778390528,0.23111,0.03803,0.12717,0.99926,-0.00043,-0.01292,0.03634,0.00000,0.00000,0.00000,
1561680889860837376,0.20605,0.04270,0.12073,0.99910,-0.00328,-0.02013,0.03712,0.00000,0.00000,0.00000,
1561680889912374528,0.18260,0.04422,0.11591,0.99923,-0.00867,-0.01766,0.03397,0.00000,0.00000,0.00000,
1561680889993382656,0.15988,0.04937,0.11345,0.99933,-0.01199,-0.01227,0.03246,0.00000,0.00000,0.00000,
1561680890049989376,0.14215,0.05218,0.10888,0.99922,-0.01322,-0.01396,0.03460,0.00000,0.00000,0.00000,
1561680890082401024,0.12317,0.05280,0.10612,0.99918,-0.01677,-0.01305,0.03460,0.00000,0.00000,0.00000,
1561680890149141248,0.10613,0.05365,0.10375,0.99921,-0.02007,-0.00984,0.03291,0.00000,0.00000,0.00000,
1561680890217013248,0.08952,0.05211,0.10265,0.99914,-0.02012,-0.00979,0.03499,0.00000,0.00000,0.00000,
1561680890296545024,0.07520,0.05236,0.09655,0.99899,-0.02119,-0.01134,0.03784,0.00000,0.00000,0.00000,
1561680890352015616,0.06277,0.05202,0.09119,0.99888,-0.02358,-0.01117,0.03937,0.00000,0.00000,0.00000,
1561680890417768960,0.05060,0.05006,0.08629,0.99881,-0.02675,-0.00879,0.03992,0.00000,0.00000,0.00000,
1561680890484890624,0.04200,0.05032,0.08378,0.99882,-0.02741,-0.00394,0.03993,0.00000,0.00000,0.00000,
1561680890552018944,0.03412,0.05079,0.07804,0.99894,-0.02556,-0.00131,0.03827,0.00000,0.00000,0.00000,
1561680890619524352,0.03060,0.05079,0.07686,0.99902,-0.02406,-0.00299,0.03700,0.00000,0.00000,0.00000,
1561680890686847232,0.02853,0.04955,0.07562,0.99908,-0.02241,-0.00724,0.03597,0.00000,0.00000,0.00000,
1561680890753984000,0.02640,0.04754,0.07593,0.99899,-0.02074,-0.01066,0.03830,0.00000,0.00000,0.00000,
1561680890823303168,0.02559,0.04565,0.07527,0.99885,-0.02062,-0.01302,0.04119,0.00000,0.00000,0.00000,
1561680890887986944,0.02529,0.04419,0.07507,0.99881,-0.01933,-0.01367,0.04255,0.00000,0.00000,0.00000,
1561680890955279616,0.02666,0.04336,0.07462,0.99885,-0.02002,-0.01062,0.04224,0.00000,0.00000,0.00000,
1561680891022009088,0.02699,0.04285,0.07445,0.99879,-0.02156,-0.00847,0.04345,0.00000,0.00000,0.00000,
1561680891089620992,0.02844,0.04171,0.07386,0.99868,-0.02219,-0.00739,0.04580,0.00000,0.00000,0.00000,
1561680891157166848,0.03133,0.04035,0.07280,0.99841,-0.02541,-0.00453,0.05007,0.00000,0.00000,0.00000,
1561680891223004416,0.03515,0.03889,0.07247,0.99788,-0.03032,-0.00093,0.05749,0.00000,0.00000,0.00000,
1561680891291270400,0.04269,0.03660,0.07077,0.99743,-0.02948,0.00104,0.06524,0.00000,0.00000,0.00000,
1561680891359030528,0.05049,0.03537,0.07190,0.99731,-0.02846,0.00202,0.06757,0.00000,0.00000,0.00000,
1561680891429809920,0.06018,0.03512,0.07497,0.99737,-0.03016,0.00359,0.06575,0.00000,0.00000,0.00000,
1561680891497430016,0.07351,0.03562,0.07631,0.99744,-0.03162,0.00530,0.06389,0.00000,0.00000,0.00000,
1561680891562957824,0.08896,0.03488,0.07789,0.99742,-0.03206,0.00672,0.06396,0.00000,0.00000,0.00000,
1561680891626133504,0.10614,0.03448,0.08099,0.99735,-0.02990,0.00822,0.06579,0.00000,0.00000,0.00000,
1561680891693523712,0.12508,0.03383,0.08509,0.99727,-0.02655,0.00714,0.06852,0.00000,0.00000,0.00000,
1561680891761201408,0.14617,0.03272,0.09078,0.99722,-0.02353,0.00302,0.07058,0.00000,0.00000,0.00000,
1561680891844224256,0.16845,0.03152,0.09530,0.99708,-0.02406,-0.00085,0.07250,0.00000,0.00000,0.00000,
1561680891894962688,0.19486,0.03096,0.10503,0.99689,-0.03022,0.00053,0.07279,0.00000,0.00000,0.00000,
1561680891975517184,0.22279,0.02974,0.11789,0.99647,-0.03451,0.00210,0.07655,0.00000,0.00000,0.00000,
1561680892033854976,0.24797,0.02811,0.13765,0.99635,-0.03372,0.00488,0.07830,0.00000,0.00000,0.00000,
1561680892101142528,0.27152,0.02748,0.16588,0.99664,-0.03148,0.00379,0.07558,0.00000,0.00000,0.00000,
1561680892165805056,0.28781,0.03156,0.19732,0.99710,-0.03320,0.00154,0.06848,0.00000,0.00000,0.00000,
1561680892235526400,0.30521,0.03208,0.22695,0.99733,-0.03286,-0.00329,0.06514,0.00000,0.00000,0.00000,
1561680892315737600,0.31557,0.03311,0.26250,0.99735,-0.03393,-0.00839,0.06375,0.00000,0.00000,0.00000,
1561680892369505536,0.33305,0.03569,0.28073,0.99713,-0.03724,-0.02174,0.06224,0.00000,0.00000,0.00000,
1561680892433839104,0.34352,0.03761,0.30574,0.99707,-0.03669,-0.02973,0.06011,0.00000,0.00000,0.00000,
1561680892515244032,0.35257,0.04041,0.32446,0.99696,-0.03505,-0.03838,0.05802,0.00000,0.00000,0.00000,
1561680892567309056,0.36035,0.04436,0.34388,0.99671,-0.03439,-0.04570,0.05749,0.00000,0.00000,0.00000,
1561680892635272960,0.36044,0.04830,0.36995,0.99665,-0.03444,-0.04825,0.05643,0.00000,0.00000,0.00000,
1561680892702960896,0.35691,0.05318,0.39782,0.99662,-0.03437,-0.04881,0.05637,0.00000,0.00000,0.00000,
1561680892770256640,0.35522,0.05952,0.42194,0.99647,-0.03475,-0.05106,0.05678,0.00000,0.00000,0.00000,
1561680892837764864,0.35494,0.06128,0.43979,0.99611,-0.03610,-0.05682,0.05681,0.00000,0.00000,0.00000,
1561680892905071360,0.35696,0.06567,0.45550,0.99574,-0.03475,-0.06526,0.05508,0.00000,0.00000,0.00000,
1561680892972484864,0.36018,0.06314,0.46789,0.99504,-0.03403,-0.07453,0.05635,0.00000,0.00000,0.00000,
1561680893039206144,0.36467,0.06205,0.47691,0.99460,-0.03361,-0.08103,0.05544,0.00000,0.00000,0.00000,
1561680893118141440,0.36649,0.06565,0.48469,0.99483,-0.03267,-0.08195,0.05026,0.00000,0.00000,0.00000,
1561680893177435648,0.36479,0.06849,0.49580,0.99510,-0.02931,-0.08218,0.04641,0.00000,0.00000,0.00000,
1561680893252464128,0.36413,0.06919,0.50025,0.99497,-0.02387,-0.08622,0.04500,0.00000,0.00000,0.00000,
1561680893308528128,0.37119,0.06244,0.49674,0.99453,-0.02174,-0.09204,0.04436,0.00000,0.00000,0.00000,
1561680893376078080,0.37127,0.06544,0.50060,0.99441,-0.02276,-0.09470,0.04087,0.00000,0.00000,0.00000,
1561680893442678272,0.36880,0.06907,0.50374,0.99450,-0.02428,-0.09526,0.03613,0.00000,0.00000,0.00000,
1561680893510257152,0.36908,0.07161,0.50270,0.99467,-0.02573,-0.09447,0.03231,0.00000,0.00000,0.00000,
1561680893579835648,0.37299,0.06849,0.50159,0.99459,-0.02600,-0.09520,0.03228,0.00000,0.00000,0.00000,
1561680893649711104,0.37327,0.06853,0.50268,0.99457,-0.02567,-0.09579,0.03144,0.00000,0.00000,0.00000,
1561680893711869696,0.37425,0.06768,0.50318,0.99458,-0.02428,-0.09640,0.03060,0.00000,0.00000,0.00000,
1561680893778900224,0.37481,0.06678,0.50343,0.99471,-0.02333,-0.09494,0.03154,0.00000,0.00000,0.00000,
1561680893846120192,0.37518,0.06601,0.50300,0.99494,-0.02218,-0.09245,0.03252,0.00000,0.00000,0.00000,
1561680893910678784,0.37482,0.06551,0.50206,0.99511,-0.02201,-0.09022,0.03372,0.00000,0.00000,0.00000,
1561680893988236032,0.37373,0.06491,0.50055,0.99515,-0.02277,-0.08893,0.03540,0.00000,0.00000,0.00000,
1561680894057644032,0.37218,0.06495,0.49913,0.99521,-0.02383,-0.08747,0.03657,0.00000,0.00000,0.00000,
1561680894113209344,0.36966,0.06500,0.49758,0.99518,-0.02352,-0.08729,0.03812,0.00000,0.00000,0.00000,
1561680894180551936,0.36638,0.06282,0.49687,0.99507,-0.02299,-0.08713,0.04139,0.00000,0.00000,0.00000,
1561680894264646144,0.36249,0.06389,0.49123,0.99488,-0.02251,-0.08872,0.04284,0.00000,0.00000,0.00000,
1561680894314168832,0.35797,0.06308,0.48575,0.99509,-0.02465,-0.08571,0.04280,0.00000,0.00000,0.00000,
1561680894381194240,0.35295,0.06194,0.47673,0.99549,-0.02578,-0.08067,0.04268,0.00000,0.00000,0.00000,
1561680894458759424,0.34990,0.05930,0.46317,0.99594,-0.02973,-0.07424,0.04126,0.00000,0.00000,0.00000,
1561680894530466304,0.34536,0.05976,0.45021,0.99642,-0.03592,-0.06591,0.03885,0.00000,0.00000,0.00000,
1561680894580490752,0.34338,0.05440,0.42721,0.99669,-0.03817,-0.06007,0.03940,0.00000,0.00000,0.00000,
1561680894647746560,0.34216,0.04983,0.40382,0.99695,-0.03746,-0.05585,0.03951,0.00000,0.00000,0.00000,
1561680894732340992,0.34323,0.04826,0.37418,0.99705,-0.03672,-0.05583,0.03784,0.00000,0.00000,0.00000,
1561680894781640192,0.34118,0.04680,0.34829,0.99717,-0.03656,-0.05551,0.03515,0.00000,0.00000,0.00000,
1561680894849870080,0.33374,0.04455,0.33625,0.99758,-0.03339,-0.05106,0.03329,0.00000,0.00000,0.00000,
1561680894915799040,0.33199,0.03964,0.30853,0.99776,-0.02980,-0.05012,0.03272,0.00000,0.00000,0.00000,
1561680894982197248,0.33016,0.03387,0.28231,0.99774,-0.02853,-0.05107,0.03309,0.00000,0.00000,0.00000,
1561680895048851968,0.32687,0.02933,0.25534,0.99741,-0.03024,-0.05620,0.03322,0.00000,0.00000,0.00000,
1561680895115068672,0.32358,0.02429,0.22947,0.99704,-0.03345,-0.06132,0.03211,0.00000,0.00000,0.00000,
1561680895181474048,0.31317,0.02391,0.20709,0.99680,-0.03552,-0.06468,0.03080,0.00000,0.00000,0.00000,
1561680895250241792,0.30041,0.02347,0.18552,0.99692,-0.02675,-0.06680,0.03130,0.00000,0.00000,0.00000,
1561680895315512832,0.29135,0.01628,0.16118,0.99717,-0.01700,-0.06555,0.03250,0.00000,0.00000,0.00000,
1561680895381976576,0.27407,0.01666,0.14501,0.99761,-0.01402,-0.06041,0.03043,0.00000,0.00000,0.00000,
1561680895448588544,0.25574,0.01744,0.12724,0.99781,-0.01565,-0.05692,0.02987,0.00000,0.00000,0.00000,
1561680895514528512,0.23671,0.01543,0.11330,0.99793,-0.02035,-0.05380,0.02878,0.00000,0.00000,0.00000,
1561680895583656192,0.21662,0.01734,0.10360,0.99806,-0.02603,-0.04976,0.02690,0.00000,0.00000,0.00000,
1561680895651771392,0.19161,0.01490,0.10832,0.99831,-0.02605,-0.04309,0.02896,0.00000,0.00000,0.00000,
1561680895718581504,0.18045,0.02375,0.08443,0.99805,-0.02755,-0.04703,0.03045,0.00000,0.00000,0.00000,
1561680895783733760,0.15940,0.02820,0.07617,0.99811,-0.03076,-0.04483,0.02876,0.00000,0.00000,0.00000,
1561680895848476928,0.14542,0.02642,0.06973,0.99786,-0.03364,-0.04670,0.03089,0.00000,0.00000,0.00000,
1561680895915894016,0.12985,0.02642,0.06443,0.99770,-0.03563,-0.04755,0.03270,0.00000,0.00000,0.00000,
1561680895982305536,0.12078,0.02602,0.04992,0.99766,-0.03588,-0.04735,0.03369,0.00000,0.00000,0.00000,
1561680896051068672,0.10921,0.02594,0.04011,0.99749,-0.04082,-0.04554,0.03581,0.00000,0.00000,0.00000,
1561680896118045440,0.09761,0.02673,0.03633,0.99754,-0.04271,-0.04266,0.03550,0.00000,0.00000,0.00000,
1561680896183982336,0.09220,0.02975,0.02939,0.99766,-0.04148,-0.04150,0.03511,0.00000,0.00000,0.00000,
1561680896248932352,0.08700,0.03093,0.02926,0.99778,-0.03889,-0.03961,0.03686,0.00000,0.00000,0.00000,
1561680896315045376,0.07885,0.03164,0.02784,0.99795,-0.03715,-0.03733,0.03648,0.00000,0.00000,0.00000,
1561680896382976768,0.07533,0.03191,0.02597,0.99808,-0.03739,-0.03386,0.03604,0.00000,0.00000,0.00000,
1561680896449183488,0.07571,0.03502,0.01429,0.99806,-0.03716,-0.03473,0.03593,0.00000,0.00000,0.00000,
1561680896516330496,0.07692,0.03745,0.01001,0.99811,-0.03647,-0.03517,0.03474,0.00000,0.00000,0.00000,
1561680896585641472,0.07710,0.03737,0.00884,0.99807,-0.03586,-0.03741,0.03434,0.00000,0.00000,0.00000,
1561680896649191680,0.07757,0.03728,0.00824,0.99810,-0.03668,-0.03746,0.03252,0.00000,0.00000,0.00000,
1561680896716008960,0.07805,0.03710,0.00749,0.99815,-0.03748,-0.03633,0.03108,0.00000,0.00000,0.00000,
1561680896781922048,0.07896,0.03633,0.00703,0.99822,-0.03707,-0.03544,0.03056,0.00000,0.00000,0.00000,
1561680896848655616,0.07998,0.03629,0.00710,0.99830,-0.03695,-0.03470,0.02878,0.00000,0.00000,0.00000,
1561680896915871488,0.08083,0.03684,0.00721,0.99832,-0.03619,-0.03559,0.02808,0.00000,0.00000,0.00000,
1561680896986407168,0.08151,0.03699,0.00806,0.99832,-0.03564,-0.03613,0.02810,0.00000,0.00000,0.00000,
1561680897048836352,0.08208,0.03740,0.00882,0.99828,-0.03606,-0.03680,0.02787,0.00000,0.00000,0.00000,
1561680897116403456,0.08263,0.03721,0.00966,0.99820,-0.03600,-0.03846,0.02860,0.00000,0.00000,0.00000,
1561680897183277056,0.08278,0.03743,0.01044,0.99817,-0.03596,-0.03952,0.02840,0.00000,0.00000,0.00000,
1561680897251470336,0.08282,0.03758,0.01125,0.99812,-0.03607,-0.04086,0.02821,0.00000,0.00000,0.00000,
1561680897316746496,0.08296,0.03770,0.01201,0.99809,-0.03587,-0.04179,0.02793,0.00000,0.00000,0.00000,
1561680897383151872,0.08308,0.03778,0.01266,0.99808,-0.03626,-0.04177,0.02795,0.00000,0.00000,0.00000,
1561680897450570240,0.08315,0.03809,0.01313,0.99809,-0.03641,-0.04148,0.02763,0.00000,0.00000,0.00000,
1561680897536071424,0.08449,0.03807,0.01224,0.99807,-0.03694,-0.04172,0.02733,0.00000,0.00000,0.00000,
1561680897586006016,0.08478,0.03819,0.01235,0.99805,-0.03767,-0.04171,0.02706,0.00000,0.00000,0.00000,
1561680897653322752,0.08530,0.03820,0.01270,0.99804,-0.03785,-0.04166,0.02729,0.00000,0.00000,0.00000,
1561680897686224128,0.08585,0.03800,0.01314,0.99802,-0.03756,-0.04197,0.02817,0.00000,0.00000,0.00000,
1561680897766487552,0.08631,0.03811,0.01385,0.99802,-0.03756,-0.04173,0.02821,0.00000,0.00000,0.00000,
1561680897824506624,0.08708,0.03833,0.01415,0.99799,-0.03809,-0.04210,0.02803,0.00000,0.00000,0.00000,
1561680897887365888,0.08756,0.03837,0.01438,0.99795,-0.03842,-0.04251,0.02865,0.00000,0.00000,0.00000,
1561680897955541248,0.08801,0.03855,0.01466,0.99794,-0.03868,-0.04246,0.02851,0.00000,0.00000,0.00000,
1561680898021755392,0.08861,0.03864,0.01493,0.99797,-0.03822,-0.04252,0.02813,0.00000,0.00000,0.00000,
1561680898092431360,0.08884,0.03859,0.01533,0.99799,-0.03731,-0.04264,0.02842,0.00000,0.00000,0.00000,
1561680898157728256,0.08919,0.03877,0.01574,0.99807,-0.03672,-0.04179,0.02758,0.00000,0.00000,0.00000,
1561680898225188096,0.08996,0.03880,0.01568,0.99804,-0.03785,-0.04163,0.02744,0.00000,0.00000,0.00000,
1561680898305212672,0.09157,0.03880,0.01580,0.99806,-0.03857,-0.04087,0.02682,0.00000,0.00000,0.00000,
1561680898357470720,0.09494,0.03865,0.01570,0.99809,-0.03943,-0.03952,0.02641,0.00000,0.00000,0.00000,
1561680898425571584,0.10013,0.03841,0.01540,0.99815,-0.04004,-0.03690,0.02705,0.00000,0.00000,0.00000,
1561680898491267840,0.10635,0.03806,0.01538,0.99815,-0.04034,-0.03427,0.02981,0.00000,0.00000,0.00000,
1561680898567082240,0.11414,0.03807,0.01642,0.99812,-0.04037,-0.03258,0.03249,0.00000,0.00000,0.00000,
1561680898627014144,0.12356,0.03854,0.01976,0.99820,-0.03885,-0.03075,0.03372,0.00000,0.00000,0.00000,
1561680898693673728,0.13488,0.04165,0.02444,0.99830,-0.03490,-0.03095,0.03499,0.00000,0.00000,0.00000,
1561680898760916224,0.14933,0.04373,0.03256,0.99851,-0.03133,-0.02825,0.03459,0.00000,0.00000,0.00000,
1561680898828533504,0.16625,0.04584,0.04023,0.99855,-0.02880,-0.02989,0.03433,0.00000,0.00000,0.00000,
1561680898893990400,0.18704,0.04565,0.04961,0.99851,-0.03052,-0.03048,0.03347,0.00000,0.00000,0.00000,
1561680898978025216,0.20805,0.05956,0.05274,0.99848,-0.03194,-0.03398,0.02928,0.00000,0.00000,0.00000,
1561680899044798976,0.23959,0.04314,0.06930,0.99821,-0.03323,-0.03501,0.03532,0.00000,0.00000,0.00000,
1561680899095763456,0.26405,0.03888,0.08064,0.99775,-0.03915,-0.03635,0.04044,0.00000,0.00000,0.00000,
1561680899163206400,0.28558,0.03714,0.09385,0.99726,-0.04599,-0.03697,0.04454,0.00000,0.00000,0.00000,
1561680899231016704,0.30203,0.03717,0.11043,0.99734,-0.04949,-0.03322,0.04199,0.00000,0.00000,0.00000,
1561680899298984960,0.31859,0.03735,0.13258,0.99770,-0.04721,-0.02880,0.03909,0.00000,0.00000,0.00000,
1561680899365769728,0.33005,0.03827,0.15735,0.99762,-0.04641,-0.02928,0.04167,0.00000,0.00000,0.00000,
1561680899432850176,0.33961,0.03780,0.17878,0.99745,-0.04686,-0.03192,0.04340,0.00000,0.00000,0.00000,
1561680899500269312,0.34689,0.03918,0.20309,0.99751,-0.04792,-0.03270,0.03998,0.00000,0.00000,0.00000,
1561680899584431872,0.35453,0.04138,0.22260,0.99738,-0.04956,-0.03674,0.03768,0.00000,0.00000,0.00000,
1561680899639306752,0.36095,0.04291,0.24610,0.99737,-0.04972,-0.03866,0.03581,0.00000,0.00000,0.00000,
1561680899713313024,0.36564,0.04731,0.26905,0.99752,-0.04828,-0.04017,0.03170,0.00000,0.00000,0.00000,
1561680899785673472,0.36918,0.05453,0.29210,0.99763,-0.04669,-0.04259,0.02715,0.00000,0.00000,0.00000,
1561680899842368000,0.37323,0.05712,0.30825,0.99764,-0.04502,-0.04514,0.02541,0.00000,0.00000,0.00000,
1561680899922672384,0.37720,0.06117,0.32664,0.99760,-0.04631,-0.04560,0.02385,0.00000,0.00000,0.00000,
1561680899971531264,0.38213,0.06810,0.34637,0.99731,-0.05317,-0.04617,0.02052,0.00000,0.00000,0.00000,
1561680900056374016,0.38680,0.07468,0.36456,0.99702,-0.05719,-0.04880,0.01740,0.00000,0.00000,0.00000,
1561680900107724032,0.39322,0.07809,0.38440,0.99681,-0.05685,-0.05437,0.01372,0.00000,0.00000,0.00000,
1561680900173301248,0.40126,0.08417,0.40094,0.99645,-0.05644,-0.06191,0.00870,0.00000,0.00000,0.00000,
1561680900252186880,0.40859,0.08651,0.41960,0.99636,-0.05181,-0.06758,0.00430,0.00000,0.00000,0.00000,
1561680900322326016,0.41670,0.07880,0.43043,0.99609,-0.05032,-0.07267,0.00076,0.00000,0.00000,0.00000,
1561680900382305024,0.42124,0.08247,0.44759,0.99571,-0.05137,-0.07678,-0.00474,0.00000,0.00000,0.00000,
1561680900451285248,0.42734,0.08215,0.45760,0.99539,-0.05282,-0.07927,-0.01088,0.00000,0.00000,0.00000,
1561680900508595712,0.43369,0.08168,0.46602,0.99517,-0.05294,-0.08102,-0.01630,0.00000,0.00000,0.00000,
1561680900575657472,0.44071,0.07842,0.47388,0.99508,-0.05310,-0.08136,-0.01955,0.00000,0.00000,0.00000,
1561680900642367488,0.44993,0.07037,0.47584,0.99481,-0.05203,-0.08445,-0.02248,0.00000,0.00000,0.00000,
1561680900709843456,0.45889,0.06096,0.47978,0.99451,-0.05147,-0.08682,-0.02765,0.00000,0.00000,0.00000,
1561680900794578432,0.46648,0.04969,0.48764,0.99409,-0.05214,-0.08894,-0.03394,0.00000,0.00000,0.00000,
1561680900843715072,0.47618,0.03555,0.48615,0.99337,-0.05338,-0.09284,-0.04186,0.00000,0.00000,0.00000,
1561680900913248512,0.48260,0.01880,0.49057,0.99283,-0.05372,-0.09493,-0.04881,0.00000,0.00000,0.00000,
1561680900978032896,0.49048,-0.00355,0.48926,0.99214,-0.05433,-0.09901,-0.05392,0.00000,0.00000,0.00000,
1561680901044718848,0.49821,-0.02694,0.48809,0.99124,-0.05742,-0.10206,-0.06110,0.00000,0.00000,0.00000,
1561680901112410368,0.50140,-0.05984,0.50045,0.99072,-0.05983,-0.10214,-0.06675,0.00000,0.00000,0.00000,
1561680901189733888,0.50985,-0.07833,0.49702,0.98962,-0.06250,-0.10620,-0.07394,0.00000,0.00000,0.00000,
1561680901261035008,0.51538,-0.10566,0.49783,0.98894,-0.06597,-0.10683,-0.07895,0.00000,0.00000,0.00000,
1561680901315493376,0.52169,-0.13236,0.49454,0.98808,-0.06967,-0.10937,-0.08290,0.00000,0.00000,0.00000,
1561680901386058240,0.52322,-0.16054,0.50689,0.98780,-0.07410,-0.10814,-0.08404,0.00000,0.00000,0.00000,
1561680901449074944,0.52832,-0.18556,0.51151,0.98712,-0.07839,-0.10935,-0.08656,0.00000,0.00000,0.00000,
1561680901515527936,0.53427,-0.21111,0.51559,0.98645,-0.08011,-0.10910,-0.09275,0.00000,0.00000,0.00000,
1561680901586997760,0.54236,-0.23525,0.52075,0.98584,-0.07780,-0.10801,-0.10199,0.00000,0.00000,0.00000,
1561680901652486912,0.54796,-0.26427,0.52661,0.98552,-0.07217,-0.10876,-0.10819,0.00000,0.00000,0.00000,
1561680901716158976,0.55772,-0.28677,0.52736,0.98442,-0.06795,-0.10896,-0.12011,0.00000,0.00000,0.00000,
1561680901783862528,0.57369,-0.29742,0.53186,0.98228,-0.06721,-0.10760,-0.13797,0.00000,0.00000,0.00000,
1561680901852965120,0.59298,-0.31312,0.52075,0.97932,-0.06675,-0.11153,-0.15502,0.00000,0.00000,0.00000,
1561680901924864256,0.60697,-0.32814,0.52322,0.97620,-0.06576,-0.11088,-0.17442,0.00000,0.00000,0.00000,
1561680901987077632,0.62183,-0.35817,0.52307,0.97288,-0.06568,-0.11096,-0.19203,0.00000,0.00000,0.00000,
1561680902053365760,0.64255,-0.36915,0.52512,0.96792,-0.06464,-0.11151,-0.21567,0.00000,0.00000,0.00000,
1561680902119738880,0.66113,-0.39180,0.52464,0.96168,-0.06229,-0.11472,-0.24109,0.00000,0.00000,0.00000,
1561680902207857408,0.67444,-0.41290,0.54331,0.95506,-0.05955,-0.11442,-0.26686,0.00000,0.00000,0.00000,
1561680902255311360,0.68566,-0.44370,0.54018,0.94801,-0.05332,-0.12131,-0.28933,0.00000,0.00000,0.00000,
1561680902288430592,0.70167,-0.46276,0.54920,0.93910,-0.04727,-0.12364,-0.31712,0.00000,0.00000,0.00000,
1561680902355666944,0.70924,-0.48611,0.54573,0.92971,-0.04240,-0.12878,-0.34242,0.00000,0.00000,0.00000,
1561680902423035904,0.71565,-0.51068,0.55096,0.92063,-0.03877,-0.13028,-0.36601,0.00000,0.00000,0.00000,
1561680902489873664,0.71980,-0.53433,0.55539,0.91154,-0.03553,-0.13141,-0.38803,0.00000,0.00000,0.00000,
1561680902558138112,0.72377,-0.55595,0.55517,0.90146,-0.03244,-0.13298,-0.41064,0.00000,0.00000,0.00000,
1561680902624464128,0.72744,-0.57514,0.55712,0.89111,-0.02966,-0.13324,-0.43277,0.00000,0.00000,0.00000,
1561680902692085760,0.72830,-0.59379,0.56016,0.88108,-0.02786,-0.13249,-0.45318,0.00000,0.00000,0.00000,
1561680902759013632,0.72742,-0.61370,0.56242,0.87100,-0.02646,-0.13059,-0.47286,0.00000,0.00000,0.00000,
1561680902826205440,0.72675,-0.62958,0.56426,0.86040,-0.02568,-0.12919,-0.49230,0.00000,0.00000,0.00000,
1561680902893287168,0.72282,-0.64620,0.56532,0.85020,-0.02534,-0.12675,-0.51034,0.00000,0.00000,0.00000,
1561680902960882432,0.71777,-0.66134,0.56248,0.84025,-0.02459,-0.12626,-0.52673,0.00000,0.00000,0.00000,
1561680903027769344,0.71295,-0.67294,0.56163,0.83000,-0.02311,-0.12591,-0.54287,0.00000,0.00000,0.00000,
1561680903094664704,0.70761,-0.68554,0.55761,0.82014,-0.02351,-0.12615,-0.55759,0.00000,0.00000,0.00000,
1561680903162259200,0.70285,-0.69594,0.55572,0.81076,-0.02379,-0.12609,-0.57115,0.00000,0.00000,0.00000,
1561680903230075136,0.69695,-0.70319,0.55330,0.80099,-0.02265,-0.12573,-0.58488,0.00000,0.00000,0.00000,
1561680903296297984,0.69105,-0.70965,0.55356,0.79164,-0.02147,-0.12521,-0.59764,0.00000,0.00000,0.00000,
1561680903363938304,0.68620,-0.71189,0.55554,0.78285,-0.02111,-0.12382,-0.60940,0.00000,0.00000,0.00000,
1561680903448062208,0.68010,-0.71595,0.55481,0.77553,-0.02110,-0.12213,-0.61902,0.00000,0.00000,0.00000,
1561680903496897024,0.66976,-0.71733,0.55611,0.76848,-0.02047,-0.11994,-0.62820,0.00000,0.00000,0.00000,
1561680903564104704,0.66993,-0.72342,0.55238,0.76069,-0.01930,-0.11995,-0.63764,0.00000,0.00000,0.00000,
1561680903648335360,0.66520,-0.72606,0.55338,0.75474,-0.01727,-0.12064,-0.64460,0.00000,0.00000,0.00000,
1561680903712781824,0.66186,-0.72752,0.55180,0.74955,-0.01678,-0.11964,-0.65083,0.00000,0.00000,0.00000,
1561680903768591616,0.65695,-0.72935,0.55295,0.74453,-0.01375,-0.11747,-0.65703,0.00000,0.00000,0.00000,
1561680903835906816,0.65772,-0.73098,0.54851,0.74048,-0.00815,-0.11820,-0.66155,0.00000,0.00000,0.00000,
1561680903901066496,0.65631,-0.73060,0.54717,0.73737,-0.00465,-0.11559,-0.66551,0.00000,0.00000,0.00000,
1561680903968580096,0.65730,-0.73157,0.54615,0.73382,-0.00362,-0.11314,-0.66985,0.00000,0.00000,0.00000,
1561680904036127488,0.65478,-0.73188,0.54525,0.73110,-0.00316,-0.11280,-0.67287,0.00000,0.00000,0.00000,
1561680904102937344,0.65675,-0.73366,0.54466,0.72873,-0.00177,-0.11361,-0.67531,0.00000,0.00000,0.00000,
1561680904170283264,0.65425,-0.73469,0.54538,0.72742,0.00005,-0.11411,-0.67664,0.00000,0.00000,0.00000,
1561680904236397056,0.65737,-0.73707,0.54408,0.72580,0.00074,-0.11252,-0.67865,0.00000,0.00000,0.00000,
1561680904310471168,0.65896,-0.73910,0.54317,0.72502,0.00107,-0.11021,-0.67985,0.00000,0.00000,0.00000,
1561680904370017536,0.65992,-0.74103,0.54219,0.72484,0.00136,-0.10774,-0.68044,0.00000,0.00000,0.00000,
1561680904437409280,0.66048,-0.74276,0.54157,0.72456,0.00205,-0.10571,-0.68105,0.00000,0.00000,0.00000,
1561680904503565312,0.66411,-0.74717,0.54003,0.72399,0.00516,-0.10489,-0.68177,0.00000,0.00000,0.00000,
1561680904570151936,0.66610,-0.75146,0.53885,0.72610,0.00908,-0.10602,-0.67930,0.00000,0.00000,0.00000,
1561680904651386624,0.66754,-0.75670,0.53786,0.72760,0.01260,-0.10604,-0.67764,0.00000,0.00000,0.00000,
1561680904703560704,0.66806,-0.76330,0.53680,0.72751,0.01399,-0.10578,-0.67775,0.00000,0.00000,0.00000,
1561680904771531776,0.66788,-0.77214,0.53617,0.72775,0.01328,-0.10482,-0.67765,0.00000,0.00000,0.00000,
1561680904839734016,0.66604,-0.78311,0.53581,0.72697,0.01231,-0.10407,-0.67863,0.00000,0.00000,0.00000,
1561680904904666368,0.66351,-0.79688,0.53510,0.72536,0.01214,-0.10371,-0.68041,0.00000,0.00000,0.00000,
1561680904971249920,0.66071,-0.81337,0.53387,0.72468,0.01288,-0.10396,-0.68108,0.00000,0.00000,0.00000,
1561680905038003968,0.65827,-0.83240,0.53069,0.72528,0.01486,-0.10226,-0.68066,0.00000,0.00000,0.00000,
1561680905103281664,0.65437,-0.85217,0.52866,0.72768,0.02275,-0.10591,-0.67731,0.00000,0.00000,0.00000,
1561680905171210752,0.65034,-0.87477,0.52563,0.72919,0.02202,-0.10524,-0.67581,0.00000,0.00000,0.00000,
1561680905253412864,0.64552,-0.90015,0.52396,0.72928,0.01705,-0.10776,-0.67546,0.00000,0.00000,0.00000,
1561680905308424960,0.63911,-0.92637,0.52594,0.72962,0.00970,-0.11336,-0.67432,0.00000,0.00000,0.00000,
1561680905383847168,0.63211,-0.95307,0.53154,0.73037,0.00952,-0.12094,-0.67219,0.00000,0.00000,0.00000,
1561680905452272640,0.62276,-0.98037,0.53492,0.73070,0.00892,-0.12671,-0.67077,0.00000,0.00000,0.00000,
1561680905504868864,0.61656,-1.01116,0.53631,0.73076,0.00433,-0.12465,-0.67115,0.00000,0.00000,0.00000,
1561680905588716032,0.61251,-1.04262,0.53936,0.72957,0.00175,-0.11635,-0.67393,0.00000,0.00000,0.00000,
1561680905639979264,0.60744,-1.07242,0.54236,0.72808,0.00258,-0.11206,-0.67627,0.00000,0.00000,0.00000,
1561680905705442560,0.60244,-1.10495,0.54579,0.72751,0.00630,-0.10959,-0.67726,0.00000,0.00000,0.00000,
1561680905772319232,0.60014,-1.14105,0.54656,0.72778,0.01180,-0.10967,-0.67689,0.00000,0.00000,0.00000,
1561680905837346560,0.60006,-1.17847,0.54742,0.72762,0.01630,-0.10929,-0.67703,0.00000,0.00000,0.00000,
1561680905919325184,0.60198,-1.21772,0.54883,0.72757,0.01786,-0.10861,-0.67715,0.00000,0.00000,0.00000,
1561680905971104000,0.60254,-1.25673,0.55027,0.72643,0.01644,-0.10687,-0.67869,0.00000,0.00000,0.00000,
1561680906046890496,0.60472,-1.29654,0.55324,0.72348,0.01192,-0.10036,-0.68291,0.00000,0.00000,0.00000,
1561680906105967104,0.60517,-1.33578,0.55842,0.72313,0.01099,-0.10113,-0.68318,0.00000,0.00000,0.00000,
1561680906172646400,0.60572,-1.37444,0.56498,0.72174,0.01167,-0.10330,-0.68431,0.00000,0.00000,0.00000,
1561680906244698880,0.60731,-1.41375,0.56963,0.71899,0.00917,-0.10527,-0.68694,0.00000,0.00000,0.00000,
1561680906317725440,0.60659,-1.44894,0.57529,0.71833,0.01016,-0.10678,-0.68738,0.00000,0.00000,0.00000,
1561680906384308480,0.60547,-1.48020,0.58206,0.71914,0.01589,-0.10905,-0.68607,0.00000,0.00000,0.00000,
1561680906442168320,0.60771,-1.51447,0.58600,0.71924,0.02120,-0.10855,-0.68590,0.00000,0.00000,0.00000,
1561680906505397248,0.60804,-1.54900,0.58932,0.71968,0.02269,-0.10653,-0.68571,0.00000,0.00000,0.00000,
1561680906573848832,0.60777,-1.58358,0.59017,0.72078,0.02307,-0.10526,-0.68474,0.00000,0.00000,0.00000,
1561680906645482496,0.60742,-1.61935,0.59260,0.72139,0.02246,-0.10448,-0.68423,0.00000,0.00000,0.00000,
1561680906706724096,0.60689,-1.65954,0.59342,0.72141,0.02049,-0.10463,-0.68426,0.00000,0.00000,0.00000,
1561680906772815872,0.60245,-1.69789,0.59802,0.72280,0.01754,-0.10742,-0.68243,0.00000,0.00000,0.00000,
1561680906854065664,0.59618,-1.73633,0.60068,0.72503,0.01630,-0.11085,-0.67954,0.00000,0.00000,0.00000,
1561680906904387840,0.59187,-1.77617,0.60419,0.72522,0.01787,-0.10982,-0.67947,0.00000,0.00000,0.00000,
1561680906975394560,0.58768,-1.81716,0.60605,0.72595,0.01982,-0.11473,-0.67782,0.00000,0.00000,0.00000,
1561680907040881408,0.58322,-1.85649,0.60909,0.72775,0.01859,-0.11734,-0.67547,0.00000,0.00000,0.00000,
1561680907105806848,0.58039,-1.89591,0.61285,0.72774,0.01935,-0.11421,-0.67601,0.00000,0.00000,0.00000,
1561680907180152064,0.57838,-1.93244,0.61604,0.72799,0.02180,-0.11416,-0.67567,0.00000,0.00000,0.00000,
1561680907238532864,0.57319,-1.96969,0.61369,0.72906,0.02386,-0.11374,-0.67451,0.00000,0.00000,0.00000,
1561680907305569536,0.57211,-2.01102,0.61570,0.72828,0.02484,-0.11236,-0.67555,0.00000,0.00000,0.00000,
1561680907388249856,0.57475,-2.05220,0.61642,0.72662,0.02343,-0.11200,-0.67745,0.00000,0.00000,0.00000,
1561680907438393856,0.57485,-2.09234,0.62175,0.72418,0.02256,-0.11036,-0.68035,0.00000,0.00000,0.00000,
1561680907521083648,0.57318,-2.13599,0.62552,0.72254,0.01827,-0.10938,-0.68238,0.00000,0.00000,0.00000,
1561680907588001536,0.57386,-2.17965,0.62999,0.72067,0.01607,-0.10954,-0.68438,0.00000,0.00000,0.00000,
1561680907641142784,0.57364,-2.22180,0.63641,0.71783,0.01703,-0.11493,-0.68645,0.00000,0.00000,0.00000,
1561680907712151552,0.57456,-2.26838,0.63834,0.71447,0.01504,-0.11802,-0.68948,0.00000,0.00000,0.00000,
1561680907772976640,0.57148,-2.30994,0.64358,0.71135,0.01850,-0.11753,-0.69270,0.00000,0.00000,0.00000,
1561680907839830528,0.56627,-2.34864,0.64962,0.70995,0.02288,-0.11982,-0.69361,0.00000,0.00000,0.00000,
1561680907908035328,0.56054,-2.38801,0.65195,0.70768,0.02770,-0.11955,-0.69580,0.00000,0.00000,0.00000,
1561680907989822464,0.55917,-2.42798,0.65273,0.70595,0.03096,-0.11982,-0.69736,0.00000,0.00000,0.00000,
1561680908039196416,0.55260,-2.46613,0.65419,0.70645,0.03032,-0.12080,-0.69671,0.00000,0.00000,0.00000,
1561680908109402112,0.54715,-2.50690,0.65517,0.70999,0.02622,-0.11951,-0.69350,0.00000,0.00000,0.00000,
1561680908176566528,0.54181,-2.54622,0.65753,0.71390,0.02226,-0.11690,-0.69006,0.00000,0.00000,0.00000,
1561680908241385216,0.53315,-2.58450,0.65943,0.72032,0.01728,-0.11489,-0.68384,0.00000,0.00000,0.00000,
1561680908307998464,0.52478,-2.61991,0.66328,0.72530,0.01970,-0.11422,-0.67860,0.00000,0.00000,0.00000,
1561680908375159808,0.51893,-2.65338,0.66816,0.72835,0.01891,-0.11588,-0.67507,0.00000,0.00000,0.00000,
1561680908441847552,0.51400,-2.68788,0.67187,0.73203,0.01747,-0.11527,-0.67122,0.00000,0.00000,0.00000,
1561680908521152512,0.50918,-2.72190,0.67572,0.73369,0.01796,-0.10887,-0.67046,0.00000,0.00000,0.00000,
1561680908573907456,0.50591,-2.75616,0.67981,0.73487,0.01886,-0.10631,-0.66956,0.00000,0.00000,0.00000,
1561680908658630144,0.50414,-2.79055,0.68079,0.73565,0.01867,-0.10382,-0.66909,0.00000,0.00000,0.00000,
1561680908708196864,0.50112,-2.82698,0.68315,0.73631,0.02005,-0.10228,-0.66857,0.00000,0.00000,0.00000,
1561680908773950464,0.50052,-2.86345,0.68507,0.73598,0.02216,-0.10204,-0.66891,0.00000,0.00000,0.00000,
1561680908854190848,0.50201,-2.90143,0.68905,0.73482,0.02279,-0.10341,-0.66995,0.00000,0.00000,0.00000,
1561680908907083776,0.50250,-2.94025,0.69021,0.73151,0.02125,-0.10725,-0.67301,0.00000,0.00000,0.00000,
1561680908974206464,0.50318,-2.97877,0.69470,0.72810,0.02047,-0.10768,-0.67665,0.00000,0.00000,0.00000,
1561680909048514304,0.50508,-3.01846,0.70108,0.72686,0.02369,-0.10561,-0.67820,0.00000,0.00000,0.00000,
1561680909108589312,0.50574,-3.05487,0.70679,0.72541,0.02517,-0.11044,-0.67893,0.00000,0.00000,0.00000,
1561680909188826624,0.50468,-3.08807,0.71205,0.72377,0.02329,-0.11465,-0.68005,0.00000,0.00000,0.00000,
1561680909246300672,0.50750,-3.12465,0.71281,0.72052,0.02027,-0.11661,-0.68325,0.00000,0.00000,0.00000,
1561680909321189888,0.50769,-3.15159,0.71814,0.72049,0.02198,-0.11763,-0.68307,0.00000,0.00000,0.00000,
1561680909391907328,0.50551,-3.18335,0.72010,0.72123,0.02415,-0.11864,-0.68204,0.00000,0.00000,0.00000,
1561680909450956800,0.50241,-3.20776,0.72224,0.72300,0.02443,-0.11740,-0.68036,0.00000,0.00000,0.00000,
1561680909507420672,0.50132,-3.23254,0.72433,0.72467,0.02726,-0.11730,-0.67850,0.00000,0.00000,0.00000,
1561680909575373056,0.50021,-3.25736,0.72616,0.72711,0.03197,-0.11884,-0.67541,0.00000,0.00000,0.00000,
1561680909646800640,0.49787,-3.28306,0.72808,0.73125,0.03366,-0.12110,-0.67043,0.00000,0.00000,0.00000,
1561680909721322240,0.49843,-3.30484,0.73315,0.73481,0.03158,-0.12256,-0.66636,0.00000,0.00000,0.00000,
1561680909773152000,0.49318,-3.33583,0.73613,0.73698,0.02419,-0.12320,-0.66415,0.00000,0.00000,0.00000,
1561680909857052928,0.48458,-3.35388,0.73540,0.74033,0.01694,-0.12213,-0.66084,0.00000,0.00000,0.00000,
1561680909907106560,0.47792,-3.37731,0.73618,0.74351,0.01598,-0.12373,-0.65699,0.00000,0.00000,0.00000,
1561680909975457792,0.46805,-3.39905,0.74029,0.74638,0.01771,-0.12604,-0.65324,0.00000,0.00000,0.00000,
1561680910045774080,0.46098,-3.42192,0.74192,0.74703,0.01890,-0.12633,-0.65240,0.00000,0.00000,0.00000,
1561680910110522112,0.45397,-3.43993,0.74286,0.74728,0.01876,-0.12733,-0.65192,0.00000,0.00000,0.00000,
1561680910187841024,0.44859,-3.45810,0.74438,0.74737,0.01965,-0.12758,-0.65175,0.00000,0.00000,0.00000,
1561680910262469888,0.44394,-3.47440,0.74431,0.74736,0.02081,-0.12632,-0.65197,0.00000,0.00000,0.00000,
1561680910311327488,0.44058,-3.48872,0.74384,0.74804,0.02160,-0.12216,-0.65195,0.00000,0.00000,0.00000,
1561680910396163584,0.43693,-3.49963,0.74191,0.74954,0.02429,-0.11876,-0.65077,0.00000,0.00000,0.00000,
1561680910445272832,0.43434,-3.50768,0.74159,0.75196,0.02547,-0.11571,-0.64848,0.00000,0.00000,0.00000,
1561680910512878848,0.43354,-3.51371,0.74092,0.75503,0.02498,-0.11342,-0.64532,0.00000,0.00000,0.00000,
1561680910580268800,0.43266,-3.51688,0.74121,0.75949,0.02554,-0.11107,-0.64046,0.00000,0.00000,0.00000,
1561680910655763712,0.43330,-3.52004,0.74081,0.76387,0.02598,-0.10863,-0.63563,0.00000,0.00000,0.00000,
1561680910727073280,0.43318,-3.52061,0.74126,0.76931,0.02675,-0.10666,-0.62934,0.00000,0.00000,0.00000,
1561680910793161984,0.43560,-3.52016,0.74106,0.77540,0.02723,-0.10514,-0.62206,0.00000,0.00000,0.00000,
1561680910850322944,0.43767,-3.51773,0.73990,0.78233,0.02615,-0.10445,-0.61349,0.00000,0.00000,0.00000,
1561680910917989376,0.44042,-3.51496,0.73829,0.78940,0.02457,-0.10355,-0.60458,0.00000,0.00000,0.00000,
1561680910985550336,0.44483,-3.51433,0.73883,0.79655,0.02262,-0.10178,-0.59551,0.00000,0.00000,0.00000,
1561680911051345152,0.45078,-3.50866,0.73833,0.80450,0.02158,-0.10053,-0.58498,0.00000,0.00000,0.00000,
1561680911116641024,0.45661,-3.50571,0.73783,0.81274,0.02106,-0.10060,-0.57349,0.00000,0.00000,0.00000,
1561680911184417280,0.46110,-3.50366,0.73702,0.82060,0.02083,-0.10117,-0.56209,0.00000,0.00000,0.00000,
1561680911253414144,0.46692,-3.49799,0.73723,0.82830,0.02022,-0.10183,-0.55059,0.00000,0.00000,0.00000,
1561680911334544640,0.47319,-3.49201,0.73778,0.83672,0.01808,-0.10244,-0.53766,0.00000,0.00000,0.00000,
1561680911401718784,0.47803,-3.48716,0.73870,0.84612,0.01604,-0.10197,-0.52290,0.00000,0.00000,0.00000,
1561680911452318976,0.48348,-3.47859,0.73810,0.85566,0.01445,-0.10102,-0.50737,0.00000,0.00000,0.00000,
1561680911526114048,0.48959,-3.47002,0.73779,0.86482,0.01261,-0.09938,-0.49198,0.00000,0.00000,0.00000,
1561680911589437440,0.49660,-3.45928,0.73735,0.87306,0.01167,-0.09781,-0.47756,0.00000,0.00000,0.00000,
1561680911661388544,0.50226,-3.44954,0.73638,0.88099,0.01010,-0.09656,-0.46306,0.00000,0.00000,0.00000,
1561680911728016896,0.50942,-3.44326,0.73436,0.88811,0.00501,-0.09404,-0.44988,0.00000,0.00000,0.00000,
1561680911790505472,0.51097,-3.43757,0.73171,0.89468,0.00214,-0.09376,-0.43675,0.00000,0.00000,0.00000,
1561680911857815552,0.51072,-3.42810,0.73316,0.90100,0.00206,-0.09365,-0.42359,0.00000,0.00000,0.00000,
1561680911942727424,0.51344,-3.41860,0.73066,0.90735,0.00067,-0.09364,-0.40982,0.00000,0.00000,0.00000,
1561680911990503424,0.51859,-3.41359,0.73265,0.91366,-0.00133,-0.09304,-0.39569,0.00000,0.00000,0.00000,
1561680912058488832,0.52169,-3.40174,0.73722,0.91985,-0.00231,-0.09194,-0.38133,0.00000,0.00000,0.00000,
1561680912140146944,0.52806,-3.39292,0.73598,0.92577,-0.00494,-0.09045,-0.36707,0.00000,0.00000,0.00000,
1561680912193298176,0.52982,-3.38943,0.73462,0.93176,-0.00684,-0.08823,-0.35212,0.00000,0.00000,0.00000,
1561680912260432384,0.53517,-3.38412,0.73447,0.93730,-0.00820,-0.08576,-0.33770,0.00000,0.00000,0.00000,
1561680912341262848,0.54084,-3.37289,0.73359,0.94206,-0.00987,-0.08355,-0.32471,0.00000,0.00000,0.00000,
1561680912394653184,0.53865,-3.36953,0.72955,0.94693,-0.01347,-0.08204,-0.31050,0.00000,0.00000,0.00000,
1561680912427643392,0.54144,-3.36256,0.72849,0.95099,-0.01758,-0.08005,-0.29818,0.00000,0.00000,0.00000,
1561680912494939392,0.54186,-3.35732,0.72838,0.95481,-0.02175,-0.07903,-0.28568,0.00000,0.00000,0.00000,
1561680912564091648,0.54294,-3.35216,0.72470,0.95812,-0.02558,-0.08021,-0.27370,0.00000,0.00000,0.00000,
1561680912644955904,0.53856,-3.35107,0.72358,0.96110,-0.02886,-0.08099,-0.26249,0.00000,0.00000,0.00000,
1561680912708529664,0.54093,-3.34437,0.72232,0.96409,-0.03009,-0.08098,-0.25115,0.00000,0.00000,0.00000,
1561680912771728128,0.54321,-3.33817,0.71962,0.96708,-0.02998,-0.07987,-0.23977,0.00000,0.00000,0.00000,
1561680912832396544,0.54299,-3.33255,0.71862,0.96964,-0.03183,-0.07669,-0.23000,0.00000,0.00000,0.00000,
1561680912899351808,0.54184,-3.32905,0.71613,0.97234,-0.03233,-0.07325,-0.21941,0.00000,0.00000,0.00000,
1561680912965480960,0.54448,-3.32545,0.71509,0.97535,-0.03238,-0.07140,-0.20627,0.00000,0.00000,0.00000,
1561680913031766272,0.54459,-3.31730,0.71294,0.97802,-0.03208,-0.07029,-0.19368,0.00000,0.00000,0.00000,
1561680913099645696,0.54326,-3.31241,0.71490,0.98033,-0.03323,-0.06922,-0.18180,0.00000,0.00000,0.00000,
1561680913167032320,0.54468,-3.31048,0.71451,0.98237,-0.03672,-0.06894,-0.16984,0.00000,0.00000,0.00000,
1561680913240711168,0.54892,-3.30664,0.71496,0.98413,-0.03879,-0.06892,-0.15885,0.00000,0.00000,0.00000,
1561680913300637696,0.55221,-3.30569,0.71464,0.98598,-0.04038,-0.07011,-0.14593,0.00000,0.00000,0.00000,
1561680913376716032,0.55893,-3.30373,0.71699,0.98764,-0.04232,-0.06950,-0.13400,0.00000,0.00000,0.00000,
1561680913435490048,0.56570,-3.30254,0.71733,0.98905,-0.04381,-0.06867,-0.12303,0.00000,0.00000,0.00000,
1561680913505110272,0.57571,-3.30444,0.71646,0.99027,-0.04589,-0.06764,-0.11258,0.00000,0.00000,0.00000,
1561680913572502784,0.58800,-3.30497,0.71545,0.99133,-0.04724,-0.06507,-0.10390,0.00000,0.00000,0.00000,
1561680913655002112,0.60339,-3.30771,0.71290,0.99229,-0.04734,-0.06268,-0.09582,0.00000,0.00000,0.00000,
1561680913705358080,0.62006,-3.31314,0.71337,0.99319,-0.04672,-0.06073,-0.08773,0.00000,0.00000,0.00000,
1561680913771376384,0.64031,-3.31493,0.71536,0.99387,-0.04781,-0.05922,-0.08021,0.00000,0.00000,0.00000,
1561680913839140352,0.66357,-3.31774,0.72060,0.99445,-0.04545,-0.05769,-0.07528,0.00000,0.00000,0.00000,
1561680913920296448,0.68917,-3.32161,0.72624,0.99477,-0.04397,-0.05708,-0.07235,0.00000,0.00000,0.00000,
1561680913972602112,0.71648,-3.32286,0.73291,0.99503,-0.04394,-0.05707,-0.06879,0.00000,0.00000,0.00000,
1561680914040696064,0.74327,-3.32503,0.73861,0.99513,-0.04218,-0.06083,-0.06514,0.00000,0.00000,0.00000,
1561680914107882752,0.77038,-3.32726,0.74464,0.99523,-0.04002,-0.06228,-0.06351,0.00000,0.00000,0.00000,
1561680914175078656,0.79693,-3.33125,0.74969,0.99537,-0.04113,-0.06367,-0.05905,0.00000,0.00000,0.00000,
1561680914245988352,0.82371,-3.33565,0.75613,0.99582,-0.03937,-0.06510,-0.05063,0.00000,0.00000,0.00000,
1561680914313807360,0.85137,-3.33883,0.76355,0.99612,-0.03862,-0.06507,-0.04498,0.00000,0.00000,0.00000,
1561680914379752960,0.88088,-3.34490,0.77004,0.99629,-0.03870,-0.06525,-0.04064,0.00000,0.00000,0.00000,
1561680914446454784,0.91261,-3.35240,0.77489,0.99641,-0.03912,-0.06455,-0.03833,0.00000,0.00000,0.00000,
1561680914514099712,0.94783,-3.36142,0.77999,0.99647,-0.04001,-0.06521,-0.03454,0.00000,0.00000,0.00000,
1561680914578929408,0.98337,-3.37068,0.78784,0.99647,-0.03999,-0.06766,-0.02964,0.00000,0.00000,0.00000,
1561680914645476864,1.02213,-3.38088,0.79531,0.99624,-0.04102,-0.07158,-0.02652,0.00000,0.00000,0.00000,
1561680914712212224,1.05969,-3.39181,0.80462,0.99624,-0.04229,-0.07289,-0.01991,0.00000,0.00000,0.00000,
1561680914778300160,1.09769,-3.40222,0.81555,0.99639,-0.04003,-0.07413,-0.01064,0.00000,0.00000,0.00000,
1561680914845489152,1.13594,-3.41008,0.82837,0.99610,-0.03875,-0.07922,-0.00363,0.00000,0.00000,0.00000,
1561680914912792320,1.17425,-3.41670,0.83734,0.99598,-0.04003,-0.08011,-0.00105,0.00000,0.00000,0.00000,
1561680914978932480,1.21182,-3.42360,0.84322,0.99603,-0.04259,-0.07823,0.00072,0.00000,0.00000,0.00000,
1561680915045141760,1.25280,-3.41904,0.84950,0.99624,-0.04072,-0.07629,0.00514,0.00000,0.00000,0.00000,
1561680915112926720,1.28832,-3.43113,0.85348,0.99651,-0.03920,-0.07321,0.00887,0.00000,0.00000,0.00000,
1561680915178892800,1.32476,-3.43623,0.85852,0.99656,-0.03973,-0.07198,0.01010,0.00000,0.00000,0.00000,
1561680915246725632,1.36571,-3.43852,0.86396,0.99647,-0.04050,-0.07272,0.01060,0.00000,0.00000,0.00000,
1561680915313558016,1.41074,-3.43843,0.86497,0.99620,-0.04220,-0.07522,0.01194,0.00000,0.00000,0.00000,
1561680915380327936,1.45410,-3.43964,0.86881,0.99592,-0.04540,-0.07678,0.01351,0.00000,0.00000,0.00000,
1561680915459393280,1.49277,-3.44482,0.87603,0.99595,-0.04756,-0.07460,0.01607,0.00000,0.00000,0.00000,
1561680915523343104,1.53534,-3.44496,0.88351,0.99643,-0.03931,-0.07201,0.02003,0.00000,0.00000,0.00000,
1561680915577075968,1.58009,-3.44646,0.89314,0.99632,-0.03939,-0.07294,0.02169,0.00000,0.00000,0.00000,
1561680915644561152,1.61826,-3.45186,0.90411,0.99631,-0.04194,-0.07221,0.02002,0.00000,0.00000,0.00000,
1561680915725020160,1.66424,-3.45034,0.91559,0.99649,-0.03828,-0.07191,0.01929,0.00000,0.00000,0.00000,
1561680915778112512,1.70959,-3.45448,0.92538,0.99667,-0.03461,-0.07081,0.02089,0.00000,0.00000,0.00000,
1561680915845335552,1.75805,-3.45858,0.93044,0.99687,-0.03422,-0.06821,0.02042,0.00000,0.00000,0.00000,
1561680915910290432,1.80417,-3.46841,0.93005,0.99677,-0.03475,-0.06944,0.02066,0.00000,0.00000,0.00000,
1561680915980337408,1.85678,-3.46505,0.93889,0.99627,-0.03984,-0.07363,0.02067,0.00000,0.00000,0.00000,
1561680916058269184,1.91136,-3.41883,0.99417,0.99635,-0.04549,-0.07044,0.01607,0.00000,0.00000,0.00000,
1561680916109869056,1.94818,-3.48586,0.95168,0.99545,-0.05080,-0.07542,0.02845,0.00000,0.00000,0.00000,
1561680916194788864,1.98767,-3.49625,0.95644,0.99547,-0.05158,-0.07412,0.02971,0.00000,0.00000,0.00000,
1561680916247709952,2.02980,-3.50701,0.96571,0.99539,-0.05231,-0.07399,0.03152,0.00000,0.00000,0.00000,
1561680916312802304,2.07025,-3.51714,0.97130,0.99562,-0.05231,-0.07043,0.03241,0.00000,0.00000,0.00000,
1561680916379728640,2.11377,-3.52291,0.98146,0.99595,-0.05038,-0.06705,0.03229,0.00000,0.00000,0.00000,
1561680916446653440,2.15652,-3.53051,0.99082,0.99618,-0.04883,-0.06452,0.03283,0.00000,0.00000,0.00000,
1561680916513640448,2.20980,-3.48512,0.98853,0.99637,-0.05221,-0.06332,0.02271,0.00000,0.00000,0.00000,
1561680916579310080,2.24747,-3.54762,1.00405,0.99635,-0.05099,-0.06279,0.02732,0.00000,0.00000,0.00000,
1561680916646264064,2.29628,-3.55545,1.00898,0.99636,-0.05001,-0.06451,0.02473,0.00000,0.00000,0.00000,
1561680916710674432,2.34573,-3.55849,1.01973,0.99631,-0.04923,-0.06657,0.02243,0.00000,0.00000,0.00000,
1561680916783298304,2.39775,-3.56035,1.02428,0.99658,-0.04859,-0.06390,0.01961,0.00000,0.00000,0.00000,
1561680916848424704,2.44322,-3.56365,1.03419,0.99694,-0.04281,-0.06213,0.02055,0.00000,0.00000,0.00000,
1561680916913521664,2.49018,-3.56584,1.04344,0.99699,-0.04109,-0.06211,0.02133,0.00000,0.00000,0.00000,
1561680916980163072,2.53657,-3.57123,1.05181,0.99693,-0.04258,-0.06131,0.02344,0.00000,0.00000,0.00000,
1561680917047184896,2.58183,-3.57453,1.05913,0.99696,-0.04412,-0.05900,0.02528,0.00000,0.00000,0.00000,
1561680917128189440,2.62771,-3.57761,1.06590,0.99708,-0.04445,-0.05653,0.02583,0.00000,0.00000,0.00000,
1561680917177586944,2.67365,-3.58268,1.07351,0.99706,-0.04355,-0.05653,0.02802,0.00000,0.00000,0.00000,
1561680917247025664,2.72179,-3.58628,1.08205,0.99691,-0.04347,-0.05950,0.02705,0.00000,0.00000,0.00000,
1561680917313889024,2.76887,-3.59077,1.09050,0.99642,-0.04460,-0.06555,0.02942,0.00000,0.00000,0.00000,
1561680917380294656,2.81603,-3.59416,1.09819,0.99597,-0.04732,-0.06903,0.03214,0.00000,0.00000,0.00000,
1561680917463201024,2.86120,-3.59979,1.10228,0.99582,-0.05061,-0.06679,0.03626,0.00000,0.00000,0.00000,
1561680917513323008,2.90564,-3.60287,1.10658,0.99556,-0.05220,-0.06401,0.04506,0.00000,0.00000,0.00000,
1561680917578635264,2.94955,-3.60719,1.11413,0.99537,-0.05254,-0.06122,0.05218,0.00000,0.00000,0.00000,
1561680917652071936,2.98945,-3.61082,1.12387,0.99526,-0.05344,-0.05820,0.05672,0.00000,0.00000,0.00000,
1561680917713215488,3.03315,-3.60890,1.13060,0.99511,-0.05518,-0.05662,0.05917,0.00000,0.00000,0.00000,
1561680917787114496,3.07847,-3.60607,1.13858,0.99521,-0.05558,-0.05308,0.06039,0.00000,0.00000,0.00000,
1561680917845136640,3.12671,-3.60533,1.14393,0.99539,-0.05588,-0.04987,0.05994,0.00000,0.00000,0.00000,
1561680917912844544,3.17689,-3.60413,1.14372,0.99527,-0.05765,-0.05031,0.05994,0.00000,0.00000,0.00000,
1561680917993071104,3.22669,-3.60046,1.14671,0.99500,-0.06008,-0.05174,0.06080,0.00000,0.00000,0.00000,
1561680918047580160,3.27599,-3.59431,1.15255,0.99482,-0.06094,-0.05378,0.06105,0.00000,0.00000,0.00000,
1561680918114507520,3.32313,-3.58901,1.16195,0.99462,-0.06099,-0.05550,0.06263,0.00000,0.00000,0.00000,
1561680918196983040,3.36813,-3.58114,1.17291,0.99471,-0.05478,-0.05755,0.06513,0.00000,0.00000,0.00000,
1561680918247556096,3.41462,-3.57387,1.18269,0.99521,-0.05087,-0.05903,0.05905,0.00000,0.00000,0.00000,
1561680918316461056,3.45899,-3.56833,1.19114,0.99566,-0.05223,-0.05670,0.05213,0.00000,0.00000,0.00000,
1561680918383078400,3.50201,-3.56633,1.20141,0.99600,-0.04682,-0.05492,0.05274,0.00000,0.00000,0.00000,
1561680918449788160,3.54759,-3.56661,1.20856,0.99637,-0.04461,-0.05440,0.04796,0.00000,0.00000,0.00000,
1561680918516454400,3.59009,-3.56779,1.21667,0.99655,-0.04596,-0.05466,0.04228,0.00000,0.00000,0.00000,
1561680918580651264,3.63875,-3.56911,1.22422,0.99662,-0.04514,-0.05614,0.03940,0.00000,0.00000,0.00000,
1561680918655624448,3.68741,-3.57389,1.23025,0.99635,-0.04404,-0.06036,0.04127,0.00000,0.00000,0.00000,
1561680918726259712,3.73395,-3.57755,1.23705,0.99618,-0.04454,-0.06302,0.04096,0.00000,0.00000,0.00000,
1561680918795799552,3.77863,-3.58397,1.24359,0.99578,-0.04860,-0.06563,0.04183,0.00000,0.00000,0.00000,
1561680918846555648,3.81843,-3.59452,1.25166,0.99550,-0.04885,-0.06580,0.04767,0.00000,0.00000,0.00000,
1561680918914468096,3.86368,-3.59960,1.25645,0.99536,-0.04942,-0.06565,0.05013,0.00000,0.00000,0.00000,
1561680918986188032,3.90403,-3.61190,1.25875,0.99517,-0.04951,-0.06320,0.05657,0.00000,0.00000,0.00000,
1561680919046386432,3.95138,-3.61001,1.26356,0.99544,-0.04937,-0.05674,0.05870,0.00000,0.00000,0.00000,
1561680919115119360,3.99373,-3.61065,1.27493,0.99580,-0.04657,-0.05184,0.05936,0.00000,0.00000,0.00000,
1561680919181735936,4.03612,-3.60995,1.28319,0.99579,-0.04641,-0.04880,0.06220,0.00000,0.00000,0.00000,
1561680919248479232,4.07536,-3.61293,1.28888,0.99582,-0.04735,-0.04582,0.06321,0.00000,0.00000,0.00000,
1561680919323329792,4.11670,-3.61322,1.29546,0.99603,-0.04677,-0.04431,0.06142,0.00000,0.00000,0.00000,
1561680919378926336,4.16156,-3.60835,1.30571,0.99620,-0.04476,-0.04411,0.06030,0.00000,0.00000,0.00000,
1561680919446331648,4.20508,-3.60894,1.30822,0.99633,-0.04308,-0.04382,0.05954,0.00000,0.00000,0.00000,
1561680919528659200,4.25030,-3.60734,1.31186,0.99668,-0.04284,-0.03936,0.05696,0.00000,0.00000,0.00000,
1561680919579471872,4.29328,-3.60533,1.31779,0.99681,-0.04023,-0.03807,0.05748,0.00000,0.00000,0.00000,
1561680919661067264,4.33681,-3.60126,1.32733,0.99680,-0.04182,-0.03857,0.05621,0.00000,0.00000,0.00000,
1561680919732221184,4.37946,-3.60156,1.33221,0.99698,-0.04286,-0.03839,0.05216,0.00000,0.00000,0.00000,
1561680919785309184,4.42011,-3.60017,1.33856,0.99709,-0.03985,-0.03914,0.05183,0.00000,0.00000,0.00000,
1561680919848170496,4.46067,-3.59982,1.35135,0.99723,-0.03754,-0.03813,0.05170,0.00000,0.00000,0.00000,
1561680919914376448,4.53379,-3.55646,1.33490,0.99749,-0.03716,-0.04010,0.04492,0.00000,0.00000,0.00000,
1561680919981880832,4.54779,-3.60259,1.36169,0.99745,-0.03570,-0.03862,0.04823,0.00000,0.00000,0.00000,
1561680920051035392,4.59167,-3.60715,1.36897,0.99740,-0.03543,-0.04237,0.04629,0.00000,0.00000,0.00000,
1561680920130868480,4.63653,-3.61133,1.37507,0.99724,-0.03453,-0.04597,0.04704,0.00000,0.00000,0.00000,
1561680920182502656,4.68889,-3.61622,1.38273,0.99715,-0.03503,-0.04721,0.04721,0.00000,0.00000,0.00000,
1561680920249844992,4.73024,-3.62101,1.39020,0.99688,-0.03510,-0.04802,0.05192,0.00000,0.00000,0.00000,
1561680920317403648,4.77325,-3.62408,1.39685,0.99699,-0.03731,-0.04353,0.05224,0.00000,0.00000,0.00000,
1561680920387471104,4.80223,-3.56226,1.39515,0.99737,-0.04155,-0.04271,0.04137,0.00000,0.00000,0.00000,
1561680920465425920,4.86723,-3.62460,1.41183,0.99714,-0.04285,-0.04184,0.04609,0.00000,0.00000,0.00000,
1561680920518437632,4.91222,-3.63364,1.41594,0.99733,-0.04077,-0.04048,0.04498,0.00000,0.00000,0.00000,
1561680920584687360,4.95613,-3.63801,1.42504,0.99757,-0.03825,-0.03921,0.04305,0.00000,0.00000,0.00000,
1561680920651535872,5.00131,-3.63761,1.42739,0.99777,-0.03791,-0.03884,0.03885,0.00000,0.00000,0.00000,
1561680920732957952,5.04635,-3.63945,1.43029,0.99788,-0.03773,-0.03897,0.03598,0.00000,0.00000,0.00000,
1561680920784424704,5.09459,-3.64083,1.43259,0.99783,-0.04057,-0.04039,0.03260,0.00000,0.00000,0.00000,
1561680920851783168,5.14415,-3.63924,1.43555,0.99784,-0.04231,-0.04251,0.02695,0.00000,0.00000,0.00000,
1561680920933649408,5.19641,-3.63857,1.44381,0.99795,-0.04132,-0.04425,0.02092,0.00000,0.00000,0.00000,
1561680920984872192,5.24110,-3.63802,1.45485,0.99817,-0.03482,-0.04683,0.01595,0.00000,0.00000,0.00000,
1561680921058358272,5.28876,-3.63971,1.46423,0.99831,-0.03372,-0.04621,0.01048,0.00000,0.00000,0.00000,
1561680921118713856,5.33626,-3.64461,1.46968,0.99846,-0.03610,-0.04162,0.00640,0.00000,0.00000,0.00000,
1561680921186044672,5.37619,-3.64991,1.48071,0.99870,-0.03280,-0.03865,0.00553,0.00000,0.00000,0.00000,
1561680921254999808,5.42300,-3.65473,1.48306,0.99878,-0.03182,-0.03755,0.00484,0.00000,0.00000,0.00000,
1561680921318998272,5.46779,-3.66124,1.48896,0.99880,-0.03153,-0.03726,0.00434,0.00000,0.00000,0.00000,
1561680921385783296,5.51651,-3.66902,1.49303,0.99869,-0.03292,-0.03872,0.00518,0.00000,0.00000,0.00000,
1561680921454877696,5.56020,-3.67457,1.50024,0.99862,-0.03213,-0.04037,0.00964,0.00000,0.00000,0.00000,
1561680921521199872,5.60242,-3.68751,1.50407,0.99843,-0.03289,-0.04302,0.01414,0.00000,0.00000,0.00000,
1561680921588503040,5.64786,-3.69535,1.51073,0.99825,-0.03839,-0.04168,0.01686,0.00000,0.00000,0.00000,
1561680921653508096,5.69150,-3.70218,1.51781,0.99828,-0.03884,-0.03864,0.02082,0.00000,0.00000,0.00000,
1561680921736488704,5.73494,-3.70944,1.52791,0.99817,-0.03670,-0.04058,0.02567,0.00000,0.00000,0.00000,
1561680921785436672,5.77760,-3.71360,1.53639,0.99793,-0.04217,-0.03947,0.02811,0.00000,0.00000,0.00000,
1561680921867946240,5.81807,-3.71687,1.54486,0.99769,-0.04640,-0.03900,0.03053,0.00000,0.00000,0.00000,
1561680921919066112,5.85489,-3.71843,1.55292,0.99749,-0.04768,-0.04117,0.03221,0.00000,0.00000,0.00000,
1561680921986849536,5.89135,-3.71953,1.55948,0.99747,-0.04588,-0.04337,0.03283,0.00000,0.00000,0.00000,
1561680922052628224,5.93194,-3.71875,1.56622,0.99744,-0.04420,-0.04451,0.03442,0.00000,0.00000,0.00000,
1561680922123900160,5.97327,-3.71850,1.57169,0.99741,-0.04241,-0.04524,0.03645,0.00000,0.00000,0.00000,
1561680922188365568,6.01483,-3.71459,1.58137,0.99756,-0.03954,-0.04388,0.03733,0.00000,0.00000,0.00000,
1561680922253693696,6.05623,-3.71157,1.58753,0.99764,-0.03858,-0.04366,0.03645,0.00000,0.00000,0.00000,
1561680922320761088,6.10007,-3.70937,1.59236,0.99778,-0.04014,-0.03976,0.03526,0.00000,0.00000,0.00000,
1561680922399395328,6.14405,-3.70517,1.60129,0.99815,-0.03381,-0.03717,0.03426,0.00000,0.00000,0.00000,
1561680922451974144,6.18958,-3.70337,1.60942,0.99819,-0.03032,-0.03935,0.03398,0.00000,0.00000,0.00000,
1561680922519852800,6.24139,-3.69618,1.61759,0.99840,-0.03135,-0.03541,0.03099,0.00000,0.00000,0.00000,
1561680922586251520,6.28603,-3.60040,1.56661,0.99881,-0.02948,-0.03518,0.01632,0.00000,0.00000,0.00000,
1561680922654005248,6.33015,-3.68586,1.62690,0.99882,-0.02887,-0.02894,0.02619,0.00000,0.00000,0.00000,
1561680922730646272,6.38115,-3.68562,1.61048,0.99890,-0.02684,-0.03182,0.02154,0.00000,0.00000,0.00000,
1561680922787843072,6.43777,-3.70829,1.61854,0.99878,-0.02553,-0.03589,0.02246,0.00000,0.00000,0.00000,
1561680922855147520,6.47547,-3.68848,1.64058,0.99862,-0.02547,-0.04077,0.02096,0.00000,0.00000,0.00000,
1561680922920721408,6.52425,-3.69198,1.64797,0.99831,-0.02868,-0.04657,0.01940,0.00000,0.00000,0.00000,
1561680922986296064,6.57009,-3.68103,1.67165,0.99840,-0.03096,-0.04386,0.01792,0.00000,0.00000,0.00000,
1561680923053619712,6.62057,-3.69765,1.67716,0.99854,-0.02697,-0.04145,0.02154,0.00000,0.00000,0.00000,
1561680923137512704,6.66802,-3.70587,1.68470,0.99854,-0.02626,-0.04077,0.02387,0.00000,0.00000,0.00000,
1561680923195699968,6.71732,-3.70982,1.69237,0.99861,-0.03100,-0.03581,0.02302,0.00000,0.00000,0.00000,
1561680923267373056,6.76457,-3.71335,1.70228,0.99880,-0.03110,-0.03133,0.02133,0.00000,0.00000,0.00000,
